Name	Gender	Count	Ethnicity	
AALIYAH	FEMALE	1749	BLACK/HISPANIC	
AARYA	FEMALE	41	ASIAN	
ABBY	FEMALE	244	HISPANIC/ASIAN	
ABIGAIL	FEMALE	3722	WHITE/ASIAN/BLACK/HISPANIC	
ABRIELLE	FEMALE	33	BLACK	
ABRIL	FEMALE	30	HISPANIC	
ADA	FEMALE	251	ASIAN/WHITE	
ADDISON	FEMALE	396	WHITE/BLACK	
ADELAIDE	FEMALE	179	WHITE	
ADELE	FEMALE	303	WHITE	
ADELINA	FEMALE	43	WHITE	
ADELINE	FEMALE	171	WHITE/HISPANIC	
ADELYN	FEMALE	41	HISPANIC	
ADINA	FEMALE	276	WHITE	
ADRIANA	FEMALE	1119	WHITE/HISPANIC	
ADRIANNA	FEMALE	555	WHITE/HISPANIC/BLACK	
AHUVA	FEMALE	224	WHITE	
AICHA	FEMALE	215	BLACK	
AILEEN	FEMALE	293	HISPANIC/ASIAN	
AIMEE	FEMALE	75	HISPANIC	
AISHA	FEMALE	594	ASIAN/BLACK/HISPANIC/WHITE	
AISSATA	FEMALE	30	BLACK	
AISSATOU	FEMALE	183	BLACK	
AIZA	FEMALE	100	ASIAN	
AIZAH	FEMALE	31	ASIAN	
ALAIA	FEMALE	133	HISPANIC	
ALAINA	FEMALE	11	HISPANIC	
ALANA	FEMALE	499	BLACK/HISPANIC/WHITE	
ALANI	FEMALE	165	BLACK/HISPANIC	
ALANIS	FEMALE	124	HISPANIC	
ALANNA	FEMALE	58	HISPANIC	
ALAYNA	FEMALE	21	HISPANIC	
ALEAH	FEMALE	25	HISPANIC	
ALEENA	FEMALE	215	ASIAN/HISPANIC	
ALEJANDRA	FEMALE	201	HISPANIC	
ALEKSANDRA	FEMALE	33	WHITE	
ALESSANDRA	FEMALE	376	WHITE/HISPANIC	
ALESSIA	FEMALE	203	WHITE	
ALEXA	FEMALE	1623	WHITE/ASIAN/HISPANIC/BLACK	
ALEXANDRA	FEMALE	2093	WHITE/ASIAN/HISPANIC/BLACK	
ALEXANDRIA	FEMALE	70	WHITE/BLACK	
ALEXIA	FEMALE	189	HISPANIC/WHITE	
ALIA	FEMALE	12	HISPANIC	
ALIAH	FEMALE	12	HISPANIC	
ALICE	FEMALE	1413	WHITE/ASIAN/HISPANIC	
ALICIA	FEMALE	388	WHITE/BLACK/HISPANIC/ASIAN	
ALINA	FEMALE	893	WHITE/ASIAN/HISPANIC	
ALISA	FEMALE	194	WHITE/ASIAN	
ALISHA	FEMALE	136	ASIAN	
ALISON	FEMALE	356	HISPANIC	
ALISSA	FEMALE	30	HISPANIC	
ALISSON	FEMALE	125	HISPANIC	
ALIYAH	FEMALE	588	ASIAN/BLACK/HISPANIC	
ALIZA	FEMALE	260	WHITE	
ALLISON	FEMALE	1734	WHITE/ASIAN/HISPANIC	
ALLYSON	FEMALE	241	HISPANIC	
ALMA	FEMALE	194	WHITE/HISPANIC	
ALONDRA	FEMALE	207	HISPANIC	
ALYSON	FEMALE	33	HISPANIC	
ALYSSA	FEMALE	1644	WHITE/ASIAN/BLACK/HISPANIC	
AMAIA	FEMALE	35	HISPANIC	
AMALIA	FEMALE	209	HISPANIC/WHITE	
AMANDA	FEMALE	926	WHITE/ASIAN/BLACK/HISPANIC	
AMANI	FEMALE	75	BLACK	
AMARA	FEMALE	72	BLACK/ASIAN	
AMAYA	FEMALE	908	BLACK/HISPANIC/ASIAN	
AMAYAH	FEMALE	11	HISPANIC	
AMBAR	FEMALE	12	HISPANIC	
AMBER	FEMALE	745	ASIAN/BLACK/HISPANIC	
AMBERLY	FEMALE	33	HISPANIC	
AMELIA	FEMALE	2227	WHITE/ASIAN/BLACK/HISPANIC	
AMELIE	FEMALE	201	WHITE/HISPANIC	
AMIA	FEMALE	42	BLACK	
AMINA	FEMALE	653	WHITE/BLACK/ASIAN/HISPANIC	
AMINATA	FEMALE	368	BLACK	
AMIRA	FEMALE	410	WHITE/BLACK/ASIAN	
AMIRAH	FEMALE	259	BLACK/HISPANIC	
AMIYA	FEMALE	30	BLACK	
AMIYAH	FEMALE	260	BLACK	
AMY	FEMALE	1512	WHITE/ASIAN/HISPANIC	
ANA	FEMALE	561	HISPANIC/WHITE	
ANABEL	FEMALE	33	HISPANIC	
ANABELLA	FEMALE	72	HISPANIC	
ANABELLE	FEMALE	30	HISPANIC	
ANABIA	FEMALE	20	ASIAN	
ANAHI	FEMALE	12	HISPANIC	
ANAIS	FEMALE	30	HISPANIC	
ANALIA	FEMALE	167	HISPANIC	
ANANYA	FEMALE	30	ASIAN	
ANASTASIA	FEMALE	375	WHITE/HISPANIC	
ANAYA	FEMALE	481	BLACK/HISPANIC/ASIAN	
ANAYAH	FEMALE	30	ASIAN	
ANDREA	FEMALE	638	HISPANIC	
ANGELA	FEMALE	1041	ASIAN/HISPANIC/WHITE	
ANGELICA	FEMALE	428	WHITE/HISPANIC	
ANGELINA	FEMALE	1787	WHITE/ASIAN/BLACK/HISPANIC	
ANGELINE	FEMALE	36	HISPANIC	
ANGELIQUE	FEMALE	292	HISPANIC	
ANGELY	FEMALE	33	HISPANIC	
ANGIE	FEMALE	281	ASIAN/HISPANIC	
ANIKA	FEMALE	96	ASIAN	
ANISA	FEMALE	101	WHITE/ASIAN	
ANISHA	FEMALE	42	ASIAN	
ANIYA	FEMALE	168	BLACK	
ANIYAH	FEMALE	448	BLACK/HISPANIC	
ANJALI	FEMALE	10	ASIAN	
ANNA	FEMALE	1913	WHITE/ASIAN/HISPANIC	
ANNABEL	FEMALE	120	WHITE	
ANNABELLA	FEMALE	99	HISPANIC	
ANNABELLE	FEMALE	684	WHITE/ASIAN/HISPANIC/BLACK	
ANNALISE	FEMALE	64	HISPANIC	
ANNE	FEMALE	163	WHITE/ASIAN	
ANNIE	FEMALE	340	ASIAN/HISPANIC	
ANNIKA	FEMALE	30	ASIAN	
ANTONELLA	FEMALE	39	HISPANIC	
ANTONIA	FEMALE	132	WHITE	
ANYA	FEMALE	132	ASIAN	
APRIL	FEMALE	192	HISPANIC	
ARABELLA	FEMALE	60	HISPANIC	
ARDEN	FEMALE	13	WHITE	
ARELY	FEMALE	105	HISPANIC	
ARIA	FEMALE	1179	ASIAN/BLACK/HISPANIC/WHITE	
ARIAH	FEMALE	38	BLACK	
ARIANA	FEMALE	2038	WHITE/ASIAN/BLACK/HISPANIC	
ARIANNA	FEMALE	2166	WHITE/ASIAN/BLACK/HISPANIC	
ARIANNY	FEMALE	86	HISPANIC	
ARIELA	FEMALE	30	WHITE	
ARIELLA	FEMALE	548	WHITE/HISPANIC/BLACK	
ARIELLE	FEMALE	485	BLACK/HISPANIC/WHITE	
ARISHA	FEMALE	86	ASIAN	
ARLETTE	FEMALE	11	HISPANIC	
ARYA	FEMALE	378	ASIAN/HISPANIC/WHITE	
ASHLEY	FEMALE	3016	WHITE/ASIAN/BLACK/HISPANIC	
ASHLY	FEMALE	50	HISPANIC	
ASIA	FEMALE	36	BLACK	
ATARA	FEMALE	80	WHITE	
ATHENA	FEMALE	479	HISPANIC/ASIAN/WHITE/BLACK	
AUBREE	FEMALE	187	BLACK/HISPANIC	
AUBREY	FEMALE	892	WHITE/BLACK/HISPANIC	
AUDREY	FEMALE	1018	WHITE/ASIAN/HISPANIC/BLACK	
AURORA	FEMALE	297	HISPANIC/WHITE	
AUTUMN	FEMALE	566	WHITE/BLACK/HISPANIC	
AVA	FEMALE	4371	WHITE/ASIAN/BLACK/HISPANIC	
AVIGAIL	FEMALE	155	WHITE	
AVITAL	FEMALE	30	WHITE	
AVIVA	FEMALE	194	WHITE	
AVRIL	FEMALE	33	HISPANIC	
AWA	FEMALE	30	BLACK	
AYA	FEMALE	72	WHITE	
AYALA	FEMALE	41	WHITE	
AYANNA	FEMALE	39	BLACK	
AYAT	FEMALE	15	ASIAN	
AYELET	FEMALE	12	WHITE	
AYESHA	FEMALE	305	ASIAN	
AYLA	FEMALE	178	WHITE	
AYLEEN	FEMALE	138	HISPANIC	
AYLIN	FEMALE	393	HISPANIC	
AZARIA	FEMALE	30	BLACK	
AZIZA	FEMALE	33	WHITE	
BAILA	FEMALE	645	WHITE	
BAILEY	FEMALE	12	WHITE	
BARBARA	FEMALE	80	WHITE	
BASYA	FEMALE	48	WHITE	
BATSHEVA	FEMALE	449	WHITE	
BATYA	FEMALE	57	WHITE	
BEATRICE	FEMALE	425	WHITE	
BEATRIX	FEMALE	61	WHITE	
BELEN	FEMALE	10	HISPANIC	
BELLA	FEMALE	1554	WHITE/ASIAN/HISPANIC/BLACK	
BETHANY	FEMALE	10	HISPANIC	
BIANCA	FEMALE	426	WHITE/HISPANIC	
BINTOU	FEMALE	62	BLACK	
BLESSING	FEMALE	43	BLACK	
BLIMA	FEMALE	359	WHITE	
BLIMY	FEMALE	360	WHITE	
BONNIE	FEMALE	77	ASIAN	
BRACHA	FEMALE	347	WHITE	
BREINDY	FEMALE	148	WHITE	
BRENDA	FEMALE	163	HISPANIC	
BRIA	FEMALE	33	BLACK	
BRIANA	FEMALE	349	HISPANIC	
BRIANNA	FEMALE	2143	WHITE/ASIAN/BLACK/HISPANIC	
BRIANNY	FEMALE	30	HISPANIC	
BRIDGET	FEMALE	111	WHITE	
BRIELLA	FEMALE	10	WHITE	
BRIELLE	FEMALE	805	BLACK/HISPANIC/WHITE	
BRIGITTE	FEMALE	33	HISPANIC	
BRITNEY	FEMALE	121	HISPANIC	
BRITTANY	FEMALE	365	HISPANIC	
BROOKE	FEMALE	570	WHITE/BLACK/HISPANIC	
BROOKLYN	FEMALE	107	WHITE/BLACK	
BRUCHA	FEMALE	110	WHITE	
BRUCHY	FEMALE	220	WHITE	
BRYANNA	FEMALE	189	HISPANIC	
BRYNN	FEMALE	82	WHITE	
CAITLIN	FEMALE	129	WHITE	
CALI	FEMALE	75	BLACK	
CAMILA	FEMALE	2305	HISPANIC/WHITE	
CAMILLA	FEMALE	177	HISPANIC/WHITE	
CAMILLE	FEMALE	186	BLACK/WHITE	
CARINA	FEMALE	99	ASIAN	
CARLA	FEMALE	95	HISPANIC	
CARLY	FEMALE	30	WHITE	
CARMEN	FEMALE	175	HISPANIC	
CAROLINA	FEMALE	158	HISPANIC/WHITE	
CAROLINE	FEMALE	1008	WHITE/HISPANIC/ASIAN	
CASEY	FEMALE	36	WHITE	
CASSANDRA	FEMALE	70	HISPANIC/WHITE	
CASSIDY	FEMALE	70	WHITE	
CATALEYA	FEMALE	83	HISPANIC	
CATALINA	FEMALE	184	HISPANIC	
CATHERINE	FEMALE	928	WHITE/ASIAN/HISPANIC	
CECELIA	FEMALE	33	WHITE	
CECILIA	FEMALE	486	WHITE/ASIAN/HISPANIC	
CELESTE	FEMALE	80	HISPANIC	
CELIA	FEMALE	93	WHITE	
CELINE	FEMALE	242	ASIAN/WHITE/HISPANIC	
CHANA	FEMALE	1749	WHITE	
CHANEL	FEMALE	44	BLACK/HISPANIC	
CHANIE	FEMALE	30	WHITE	
CHANY	FEMALE	521	WHITE	
CHARLOTTE	FEMALE	2429	WHITE/ASIAN/HISPANIC/BLACK	
CHAVA	FEMALE	548	WHITE	
CHAVY	FEMALE	184	WHITE	
CHAYA	FEMALE	2503	WHITE	
CHELSEA	FEMALE	1111	BLACK/HISPANIC/ASIAN/WHITE	
CHEYENNE	FEMALE	60	BLACK	
CHIARA	FEMALE	30	WHITE	
CHLOE	FEMALE	4533	WHITE/ASIAN/BLACK/HISPANIC	
CHRISTINA	FEMALE	687	WHITE/ASIAN/BLACK/HISPANIC	
CHRISTINE	FEMALE	115	ASIAN	
CHRISTY	FEMALE	36	ASIAN	
CINDY	FEMALE	329	ASIAN/HISPANIC	
CLAIRE	FEMALE	1031	WHITE/ASIAN	
CLARA	FEMALE	550	WHITE/HISPANIC/ASIAN	
CLAUDIA	FEMALE	48	WHITE	
CLEMENTINE	FEMALE	74	WHITE	
CLEO	FEMALE	10	WHITE	
COLETTE	FEMALE	205	WHITE	
CONNIE	FEMALE	75	ASIAN	
CORA	FEMALE	257	WHITE	
CRISTINA	FEMALE	30	HISPANIC	
CRYSTAL	FEMALE	408	HISPANIC/ASIAN	
CYNTHIA	FEMALE	337	ASIAN/HISPANIC	
DAHLIA	FEMALE	196	WHITE	
DAISY	FEMALE	428	WHITE/ASIAN/HISPANIC	
DAKOTA	FEMALE	157	BLACK	
DALEYZA	FEMALE	42	HISPANIC	
DALIA	FEMALE	87	WHITE	
DAMARIS	FEMALE	33	HISPANIC	
DANA	FEMALE	96	HISPANIC	
DANIELA	FEMALE	869	WHITE/HISPANIC	
DANIELLA	FEMALE	771	WHITE/HISPANIC	
DANIELLE	FEMALE	442	WHITE/BLACK/HISPANIC	
DANNA	FEMALE	431	HISPANIC	
DAPHNE	FEMALE	245	ASIAN/WHITE/HISPANIC	
DARIA	FEMALE	11	WHITE	
DAYANA	FEMALE	270	HISPANIC	
DEBORAH	FEMALE	30	BLACK	
DELILAH	FEMALE	539	HISPANIC/WHITE	
DENISE	FEMALE	78	HISPANIC	
DENISSE	FEMALE	11	HISPANIC	
DESTINY	FEMALE	779	BLACK/HISPANIC	
DEVORA	FEMALE	267	WHITE	
DEVORAH	FEMALE	622	WHITE	
DIANA	FEMALE	803	WHITE/HISPANIC/ASIAN	
DINA	FEMALE	526	WHITE	
DIYA	FEMALE	69	ASIAN	
DIYORA	FEMALE	11	WHITE	
DORIS	FEMALE	69	ASIAN	
DULCE	FEMALE	138	HISPANIC	
EDITH	FEMALE	66	WHITE	
EGYPT	FEMALE	138	BLACK	
EILEEN	FEMALE	381	ASIAN/HISPANIC	
ELAINE	FEMALE	275	ASIAN	
ELEANOR	FEMALE	833	WHITE/ASIAN	
ELENA	FEMALE	877	WHITE/ASIAN/HISPANIC	
ELENI	FEMALE	30	WHITE	
ELIANA	FEMALE	1217	WHITE/HISPANIC/ASIAN/BLACK	
ELIANNA	FEMALE	46	HISPANIC	
ELIANNY	FEMALE	88	HISPANIC	
ELINA	FEMALE	174	ASIAN	
ELISA	FEMALE	197	HISPANIC/WHITE	
ELISE	FEMALE	223	WHITE/BLACK/ASIAN	
ELISHEVA	FEMALE	210	WHITE	
ELIZA	FEMALE	391	WHITE/HISPANIC	
ELIZABETH	FEMALE	2740	WHITE/ASIAN/HISPANIC/BLACK	
ELLA	FEMALE	2613	WHITE/ASIAN/HISPANIC/BLACK	
ELLE	FEMALE	241	WHITE	
ELLIANA	FEMALE	66	WHITE	
ELLIE	FEMALE	562	WHITE/ASIAN/HISPANIC	
ELODIE	FEMALE	10	WHITE	
ELOISE	FEMALE	423	WHITE	
ELSA	FEMALE	211	WHITE/ASIAN	
EMAAN	FEMALE	41	ASIAN	
EMANI	FEMALE	36	BLACK	
EMELY	FEMALE	726	HISPANIC	
EMERSON	FEMALE	219	WHITE	
EMILIA	FEMALE	853	WHITE/HISPANIC/ASIAN	
EMILY	FEMALE	5624	WHITE/ASIAN/BLACK/HISPANIC	
EMMA	FEMALE	6121	WHITE/ASIAN/BLACK/HISPANIC	
EMMELINE	FEMALE	66	WHITE	
ERICA	FEMALE	173	ASIAN	
ERIKA	FEMALE	212	ASIAN/HISPANIC	
ERIN	FEMALE	306	WHITE/ASIAN/BLACK	
ESHAAL	FEMALE	36	ASIAN	
ESHAL	FEMALE	33	ASIAN	
ESME	FEMALE	114	WHITE	
ESMERALDA	FEMALE	321	HISPANIC	
ESSENCE	FEMALE	33	BLACK	
ESTELLE	FEMALE	33	WHITE	
ESTER	FEMALE	125	WHITE	
ESTHER	FEMALE	3388	WHITE/HISPANIC/ASIAN/BLACK	
ESTRELLA	FEMALE	45	HISPANIC	
ESTY	FEMALE	310	WHITE	
ETTY	FEMALE	248	WHITE	
EUNICE	FEMALE	41	ASIAN	
EVA	FEMALE	1893	WHITE/ASIAN/BLACK/HISPANIC	
EVANGELINE	FEMALE	179	HISPANIC/WHITE	
EVE	FEMALE	253	WHITE	
EVELINA	FEMALE	10	WHITE	
EVELYN	FEMALE	1833	WHITE/ASIAN/HISPANIC	
EVERLY	FEMALE	68	WHITE	
EVIE	FEMALE	46	WHITE	
FAIGA	FEMALE	324	WHITE	
FAIGY	FEMALE	946	WHITE	
FAITH	FEMALE	950	BLACK/HISPANIC/ASIAN/WHITE	
FANTA	FEMALE	139	BLACK	
FARAH	FEMALE	33	WHITE	
FARIDA	FEMALE	11	WHITE	
FATIMA	FEMALE	1024	ASIAN/BLACK/HISPANIC/WHITE	
FATOU	FEMALE	77	BLACK	
FATOUMATA	FEMALE	640	BLACK	
FERNANDA	FEMALE	83	HISPANIC	
FINLEY	FEMALE	43	WHITE	
FIONA	FEMALE	1089	WHITE/ASIAN	
FRADEL	FEMALE	151	WHITE	
FRADY	FEMALE	91	WHITE	
FRAIDY	FEMALE	366	WHITE	
FRANCES	FEMALE	186	WHITE	
FRANCESCA	FEMALE	491	WHITE/HISPANIC	
FREIDA	FEMALE	13	WHITE	
FREYA	FEMALE	56	WHITE	
FRIEDA	FEMALE	23	WHITE	
FRIMET	FEMALE	172	WHITE	
GABRIELA	FEMALE	1003	WHITE/HISPANIC	
GABRIELLA	FEMALE	2580	WHITE/BLACK/HISPANIC/ASIAN	
GABRIELLE	FEMALE	793	WHITE/BLACK/HISPANIC	
GEMMA	FEMALE	263	WHITE	
GENESIS	FEMALE	1557	BLACK/HISPANIC	
GENEVIEVE	FEMALE	241	WHITE	
GEORGIA	FEMALE	315	WHITE	
GERALDINE	FEMALE	72	HISPANIC	
GIA	FEMALE	550	HISPANIC/WHITE/ASIAN	
GIADA	FEMALE	39	WHITE	
GIANNA	FEMALE	1547	HISPANIC/WHITE/ASIAN/BLACK	
GIOVANNA	FEMALE	69	WHITE	
GISELLE	FEMALE	531	HISPANIC/BLACK/WHITE/ASIAN	
GITTEL	FEMALE	203	WHITE	
GITTY	FEMALE	1040	WHITE	
GIULIA	FEMALE	47	WHITE	
GIULIANA	FEMALE	475	WHITE	
GOLDA	FEMALE	186	WHITE	
GOLDIE	FEMALE	57	WHITE	
GOLDY	FEMALE	382	WHITE	
GRACE	FEMALE	2600	HISPANIC/WHITE/ASIAN/BLACK	
GRETA	FEMALE	86	WHITE	
GUADALUPE	FEMALE	353	HISPANIC	
HADASSA	FEMALE	33	WHITE	
HADASSAH	FEMALE	156	WHITE	
HADLEY	FEMALE	161	WHITE	
HAFSA	FEMALE	80	ASIAN	
HAILEY	FEMALE	2456	HISPANIC/WHITE/ASIAN/BLACK	
HAILIE	FEMALE	30	HISPANIC	
HALEY	FEMALE	126	HISPANIC	
HANA	FEMALE	253	WHITE/ASIAN	
HANIYA	FEMALE	24	ASIAN	
HANNA	FEMALE	326	WHITE/ASIAN	
HANNAH	FEMALE	2172	HISPANIC/WHITE/ASIAN/BLACK	
HAREEM	FEMALE	44	ASIAN	
HARLEY	FEMALE	22	WHITE/HISPANIC	
HARLOW	FEMALE	33	WHITE	
HARMONY	FEMALE	239	BLACK	
HARPER	FEMALE	655	WHITE/ASIAN/BLACK	
HAWA	FEMALE	198	BLACK	
HAYLEE	FEMALE	171	HISPANIC	
HAYLEY	FEMALE	39	HISPANIC	
HAZEL	FEMALE	463	HISPANIC/WHITE/ASIAN	
HEAVEN	FEMALE	551	HISPANIC/BLACK	
HEIDI	FEMALE	145	HISPANIC	
HEIDY	FEMALE	137	HISPANIC	
HELEN	FEMALE	416	HISPANIC/ASIAN/WHITE	
HELENA	FEMALE	160	WHITE	
HENCHY	FEMALE	60	WHITE	
HENNY	FEMALE	273	WHITE	
HINDA	FEMALE	141	WHITE	
HINDY	FEMALE	506	WHITE	
HOORAIN	FEMALE	16	ASIAN	
HOPE	FEMALE	43	BLACK	
IDY	FEMALE	142	WHITE	
ILANA	FEMALE	66	WHITE	
IMANI	FEMALE	370	HISPANIC/BLACK	
INAAYA	FEMALE	92	ASIAN	
INAYA	FEMALE	47	ASIAN	
INES	FEMALE	30	WHITE	
INGRID	FEMALE	33	HISPANIC	
IRENE	FEMALE	309	HISPANIC/ASIAN	
IRIS	FEMALE	538	HISPANIC/ASIAN/WHITE	
ISABEL	FEMALE	1061	HISPANIC/WHITE/ASIAN	
ISABELA	FEMALE	109	HISPANIC	
ISABELLA	FEMALE	6534	HISPANIC/WHITE/ASIAN/BLACK	
ISABELLE	FEMALE	884	HISPANIC/WHITE/ASIAN/BLACK	
ISIS	FEMALE	98	HISPANIC/BLACK	
ISLA	FEMALE	373	WHITE/ASIAN	
ITZEL	FEMALE	292	HISPANIC	
IVANNA	FEMALE	79	HISPANIC	
IVY	FEMALE	599	WHITE/ASIAN	
IZABELLA	FEMALE	287	HISPANIC/WHITE	
JACQUELINE	FEMALE	609	HISPANIC/WHITE/ASIAN	
JADA	FEMALE	524	HISPANIC/BLACK	
JADE	FEMALE	1018	HISPANIC/BLACK/WHITE	
JAELYN	FEMALE	53	HISPANIC	
JAELYNN	FEMALE	33	HISPANIC	
JALIYAH	FEMALE	157	BLACK/HISPANIC	
JAMIE	FEMALE	129	HISPANIC/ASIAN	
JANA	FEMALE	126	WHITE	
JANAE	FEMALE	33	BLACK	
JANE	FEMALE	340	WHITE	
JANELLE	FEMALE	264	HISPANIC/BLACK	
JANICE	FEMALE	133	ASIAN	
JANIYA	FEMALE	49	BLACK	
JANIYAH	FEMALE	138	BLACK	
JANNAT	FEMALE	166	ASIAN	
JANNATUL	FEMALE	21	ASIAN	
JASLENE	FEMALE	33	HISPANIC	
JASMIN	FEMALE	100	HISPANIC	
JASMINA	FEMALE	63	WHITE	
JASMINE	FEMALE	1403	HISPANIC/WHITE/ASIAN/BLACK	
JAYDA	FEMALE	183	HISPANIC/BLACK	
JAYLA	FEMALE	755	HISPANIC/BLACK	
JAYLAH	FEMALE	221	HISPANIC	
JAYLEE	FEMALE	51	HISPANIC	
JAYLEEN	FEMALE	464	HISPANIC	
JAYLENE	FEMALE	257	HISPANIC	
JAYLYN	FEMALE	30	HISPANIC	
JAZLYN	FEMALE	283	HISPANIC	
JAZMIN	FEMALE	344	HISPANIC	
JAZMINE	FEMALE	121	HISPANIC	
JAZZLYN	FEMALE	30	HISPANIC	
JENNA	FEMALE	317	WHITE/ASIAN	
JENNIFER	FEMALE	886	HISPANIC/ASIAN/WHITE	
JENNY	FEMALE	294	ASIAN	
JESSICA	FEMALE	1093	HISPANIC/WHITE/ASIAN/BLACK	
JESSIE	FEMALE	195	ASIAN/HISPANIC	
JIMENA	FEMALE	179	HISPANIC	
JOANNA	FEMALE	528	ASIAN/WHITE	
JOCELYN	FEMALE	687	HISPANIC/ASIAN	
JOHANNA	FEMALE	126	HISPANIC	
JOLIE	FEMALE	43	WHITE/HISPANIC	
JOLIN	FEMALE	30	ASIAN	
JORDYN	FEMALE	356	WHITE/BLACK	
JOSELYN	FEMALE	255	HISPANIC	
JOSEPHINE	FEMALE	548	WHITE/ASIAN/HISPANIC	
JOURNEE	FEMALE	49	BLACK	
JOURNEY	FEMALE	104	BLACK	
JOY	FEMALE	281	ASIAN/BLACK	
JOYCE	FEMALE	400	WHITE/ASIAN	
JUDY	FEMALE	140	ASIAN/WHITE	
JULIA	FEMALE	1756	HISPANIC/WHITE/ASIAN/BLACK	
JULIANA	FEMALE	704	HISPANIC/WHITE	
JULIANNA	FEMALE	523	HISPANIC/WHITE	
JULIE	FEMALE	197	WHITE/HISPANIC	
JULIET	FEMALE	691	HISPANIC/WHITE	
JULIETTE	FEMALE	694	HISPANIC/WHITE	
JULISSA	FEMALE	214	HISPANIC	
JUNE	FEMALE	158	WHITE	
JUNIPER	FEMALE	70	WHITE	
KADIATOU	FEMALE	81	BLACK	
KAELYN	FEMALE	33	HISPANIC	
KAIA	FEMALE	23	WHITE	
KAILEE	FEMALE	11	BLACK	
KAILEY	FEMALE	202	HISPANIC	
KAILYN	FEMALE	55	HISPANIC	
KAITLYN	FEMALE	1027	HISPANIC/WHITE/ASIAN/BLACK	
KALI	FEMALE	73	BLACK	
KALIYAH	FEMALE	95	BLACK	
KAMILA	FEMALE	361	HISPANIC	
KAMIYAH	FEMALE	30	BLACK	
KAREN	FEMALE	541	HISPANIC/ASIAN	
KARINA	FEMALE	161	HISPANIC/ASIAN	
KARLA	FEMALE	278	HISPANIC	
KASSANDRA	FEMALE	39	HISPANIC	
KATE	FEMALE	525	HISPANIC/WHITE/ASIAN	
KATELYN	FEMALE	439	HISPANIC/ASIAN/WHITE	
KATELYNN	FEMALE	66	HISPANIC	
KATERINA	FEMALE	53	WHITE	
KATHERINE	FEMALE	1478	HISPANIC/WHITE/ASIAN	
KATHRYN	FEMALE	87	WHITE	
KATIE	FEMALE	374	HISPANIC/ASIAN/WHITE	
KAYA	FEMALE	30	WHITE	
KAYLA	FEMALE	2288	HISPANIC/WHITE/ASIAN/BLACK	
KAYLANI	FEMALE	10	HISPANIC	
KAYLEE	FEMALE	1798	HISPANIC/WHITE/ASIAN/BLACK	
KAYLEEN	FEMALE	164	HISPANIC	
KAYLEIGH	FEMALE	30	HISPANIC	
KAYLIE	FEMALE	153	HISPANIC	
KAYLIN	FEMALE	183	HISPANIC/BLACK	
KEILA	FEMALE	30	HISPANIC	
KEILY	FEMALE	82	HISPANIC	
KEIRA	FEMALE	266	WHITE/ASIAN	
KELLY	FEMALE	549	HISPANIC/ASIAN	
KELSEY	FEMALE	224	BLACK/HISPANIC	
KENDRA	FEMALE	133	BLACK/HISPANIC	
KENNEDY	FEMALE	359	BLACK/WHITE	
KENYA	FEMALE	30	BLACK	
KEYLA	FEMALE	191	HISPANIC	
KHADIJA	FEMALE	40	ASIAN/BLACK	
KHADIJAH	FEMALE	39	BLACK	
KHALEESI	FEMALE	12	HISPANIC	
KHLOE	FEMALE	1354	HISPANIC/BLACK/ASIAN/WHITE	
KIARA	FEMALE	666	HISPANIC/BLACK	
KIERA	FEMALE	13	WHITE	
KIMBERLY	FEMALE	1258	HISPANIC/ASIAN	
KIMORA	FEMALE	252	BLACK	
KIRA	FEMALE	180	WHITE/ASIAN	
KORI	FEMALE	10	BLACK	
KOURTNEY	FEMALE	36	BLACK	
KRISTEN	FEMALE	30	BLACK	
KRISTINA	FEMALE	10	WHITE	
KRYSTAL	FEMALE	39	HISPANIC	
KYLA	FEMALE	162	BLACK	
KYLEE	FEMALE	144	HISPANIC/BLACK	
KYLIE	FEMALE	1203	HISPANIC/WHITE/ASIAN/BLACK	
LAILA	FEMALE	1021	HISPANIC/WHITE/BLACK	
LAILAH	FEMALE	30	BLACK	
LANA	FEMALE	109	WHITE	
LARA	FEMALE	209	WHITE	
LAURA	FEMALE	376	HISPANIC/WHITE/ASIAN	
LAUREN	FEMALE	1071	HISPANIC/WHITE/ASIAN/BLACK	
LAURYN	FEMALE	41	BLACK	
LAYAN	FEMALE	87	WHITE	
LAYLA	FEMALE	1724	HISPANIC/WHITE/BLACK/ASIAN	
LEA	FEMALE	382	HISPANIC/WHITE	
LEAH	FEMALE	4893	HISPANIC/WHITE/ASIAN/BLACK	
LEANNA	FEMALE	44	HISPANIC/ASIAN	
LEELA	FEMALE	84	ASIAN	
LEIA	FEMALE	24	HISPANIC	
LEILA	FEMALE	719	HISPANIC/WHITE/ASIAN/BLACK	
LEILANI	FEMALE	565	HISPANIC/BLACK	
LEILANY	FEMALE	11	HISPANIC	
LENA	FEMALE	337	WHITE/ASIAN	
LEONA	FEMALE	36	WHITE	
LEORA	FEMALE	138	WHITE	
LESLEY	FEMALE	66	HISPANIC	
LESLIE	FEMALE	613	HISPANIC	
LESLY	FEMALE	207	HISPANIC	
LEYLA	FEMALE	145	HISPANIC/WHITE	
LIA	FEMALE	642	HISPANIC/WHITE/ASIAN	
LIANA	FEMALE	377	HISPANIC/WHITE	
LIBA	FEMALE	249	WHITE	
LIBBY	FEMALE	389	WHITE	
LILA	FEMALE	574	WHITE/ASIAN	
LILAH	FEMALE	131	WHITE	
LILIA	FEMALE	11	WHITE	
LILIAN	FEMALE	30	WHITE	
LILIANA	FEMALE	685	HISPANIC/WHITE	
LILLIAN	FEMALE	867	WHITE/ASIAN/HISPANIC/BLACK	
LILLIANA	FEMALE	10	WHITE	
LILLY	FEMALE	187	WHITE	
LILY	FEMALE	1725	HISPANIC/WHITE/ASIAN/BLACK	
LINA	FEMALE	212	WHITE/ASIAN	
LINDA	FEMALE	111	ASIAN/WHITE	
LINDSAY	FEMALE	91	HISPANIC	
LIORA	FEMALE	12	WHITE	
LISA	FEMALE	43	ASIAN	
LITZY	FEMALE	153	HISPANIC	
LIV	FEMALE	167	WHITE	
LIVIA	FEMALE	193	WHITE/ASIAN	
LIZ	FEMALE	30	HISPANIC	
LIZBETH	FEMALE	314	HISPANIC	
LIZETH	FEMALE	10	HISPANIC	
LOLA	FEMALE	342	WHITE/HISPANIC	
LONDON	FEMALE	1330	HISPANIC/WHITE/BLACK	
LONDYN	FEMALE	327	BLACK/HISPANIC	
LOUISA	FEMALE	156	WHITE	
LOUISE	FEMALE	69	WHITE	
LUCIA	FEMALE	581	HISPANIC/WHITE	
LUCIANA	FEMALE	120	WHITE/HISPANIC	
LUCILLE	FEMALE	42	WHITE	
LUCY	FEMALE	746	WHITE/ASIAN	
LUNA	FEMALE	705	HISPANIC/WHITE/ASIAN	
LUZ	FEMALE	182	HISPANIC	
LYDIA	FEMALE	181	ASIAN/WHITE	
LYLA	FEMALE	257	WHITE	
LYRIC	FEMALE	210	BLACK	
MACKENZIE	FEMALE	590	WHITE/BLACK/HISPANIC	
MADELEINE	FEMALE	481	WHITE/ASIAN	
MADELINE	FEMALE	960	HISPANIC/WHITE/ASIAN	
MADELYN	FEMALE	509	HISPANIC/WHITE/ASIAN	
MADINA	FEMALE	11	WHITE	
MADISON	FEMALE	4504	HISPANIC/WHITE/ASIAN/BLACK	
MADISYN	FEMALE	78	BLACK	
MAE	FEMALE	111	WHITE	
MAEVE	FEMALE	331	WHITE	
MAGALY	FEMALE	33	HISPANIC	
MAGGIE	FEMALE	199	ASIAN/WHITE	
MAHNOOR	FEMALE	21	ASIAN	
MAIA	FEMALE	148	HISPANIC/WHITE	
MAIMOUNA	FEMALE	10	BLACK	
MAISIE	FEMALE	52	WHITE	
MAITE	FEMALE	30	HISPANIC	
MAKAYLA	FEMALE	965	HISPANIC/WHITE/BLACK	
MAKENZIE	FEMALE	33	BLACK	
MALAK	FEMALE	239	WHITE	
MALAYSIA	FEMALE	70	BLACK	
MALIA	FEMALE	353	BLACK/HISPANIC	
MALIHA	FEMALE	11	ASIAN	
MALIKA	FEMALE	25	WHITE	
MALIYAH	FEMALE	209	BLACK	
MALKA	FEMALE	997	WHITE	
MALKY	FEMALE	929	WHITE	
MANDY	FEMALE	114	ASIAN	
MANHA	FEMALE	123	ASIAN	
MARGARET	FEMALE	404	WHITE	
MARGAUX	FEMALE	60	WHITE	
MARGOT	FEMALE	179	WHITE	
MARIA	FEMALE	1345	HISPANIC/WHITE	
MARIAH	FEMALE	572	HISPANIC/BLACK	
MARIAM	FEMALE	822	WHITE/BLACK/ASIAN	
MARIAMA	FEMALE	270	BLACK	
MARIANA	FEMALE	207	HISPANIC	
MARIELLE	FEMALE	33	WHITE	
MARILYN	FEMALE	151	HISPANIC	
MARINA	FEMALE	30	WHITE	
MARISOL	FEMALE	30	HISPANIC	
MARJORIE	FEMALE	101	HISPANIC	
MARLEY	FEMALE	24	BLACK	
MARLOWE	FEMALE	20	WHITE	
MARY	FEMALE	291	WHITE	
MARYAM	FEMALE	465	ASIAN/BLACK/WHITE	
MATILDA	FEMALE	214	WHITE	
MAYA	FEMALE	2849	HISPANIC/WHITE/ASIAN/BLACK	
MCKENZIE	FEMALE	368	BLACK/HISPANIC	
MEERA	FEMALE	12	ASIAN	
MEGAN	FEMALE	382	HISPANIC/ASIAN/BLACK/WHITE	
MELANIE	FEMALE	1686	HISPANIC/WHITE/BLACK/ASIAN	
MELANY	FEMALE	383	HISPANIC	
MELINA	FEMALE	150	HISPANIC	
MELISSA	FEMALE	624	HISPANIC/WHITE	
MELODY	FEMALE	720	HISPANIC/ASIAN/BLACK	
MENUCHA	FEMALE	39	WHITE	
MIA	FEMALE	5752	HISPANIC/WHITE/ASIAN/BLACK	
MIAH	FEMALE	97	HISPANIC	
MICHAELA	FEMALE	134	WHITE	
MICHAL	FEMALE	88	WHITE	
MICHELLE	FEMALE	1666	HISPANIC/WHITE/ASIAN/BLACK	
MIKA	FEMALE	11	WHITE	
MIKAELA	FEMALE	145	HISPANIC	
MIKAYLA	FEMALE	446	HISPANIC/WHITE/BLACK	
MILA	FEMALE	1311	HISPANIC/WHITE/ASIAN/BLACK	
MILAGROS	FEMALE	30	HISPANIC	
MILANA	FEMALE	158	WHITE	
MILANI	FEMALE	35	HISPANIC/BLACK	
MILENA	FEMALE	58	WHITE	
MILEY	FEMALE	141	HISPANIC	
MINA	FEMALE	125	ASIAN/WHITE	
MINDY	FEMALE	327	WHITE	
MIRA	FEMALE	128	WHITE/ASIAN	
MIRACLE	FEMALE	177	BLACK	
MIRANDA	FEMALE	330	HISPANIC/ASIAN	
MIREL	FEMALE	167	WHITE	
MIRI	FEMALE	122	WHITE	
MIRIAM	FEMALE	2030	HISPANIC/WHITE	
MOLLY	FEMALE	525	WHITE	
MONICA	FEMALE	36	HISPANIC	
MONSERRAT	FEMALE	30	HISPANIC	
MONTSERRAT	FEMALE	68	HISPANIC	
MORGAN	FEMALE	635	WHITE/BLACK	
MUSHKA	FEMALE	72	WHITE	
MYA	FEMALE	716	HISPANIC/BLACK	
MYRA	FEMALE	19	ASIAN	
NABIHA	FEMALE	14	ASIAN	
NADIA	FEMALE	223	HISPANIC/BLACK/WHITE	
NAHLA	FEMALE	114	BLACK	
NALA	FEMALE	26	BLACK	
NALANI	FEMALE	11	BLACK	
NANCY	FEMALE	30	HISPANIC	
NAOMI	FEMALE	1589	HISPANIC/WHITE/BLACK/ASIAN	
NASHLA	FEMALE	85	HISPANIC	
NASHLEY	FEMALE	30	HISPANIC	
NATALIA	FEMALE	816	HISPANIC/WHITE/BLACK	
NATALIE	FEMALE	1373	HISPANIC/WHITE/ASIAN/BLACK	
NATALY	FEMALE	84	HISPANIC	
NATASHA	FEMALE	165	HISPANIC	
NATHALIA	FEMALE	88	HISPANIC	
NATHALIE	FEMALE	293	HISPANIC	
NATHALY	FEMALE	246	HISPANIC	
NAYELI	FEMALE	217	HISPANIC	
NECHAMA	FEMALE	364	WHITE	
NEVAEH	FEMALE	907	HISPANIC/BLACK	
NIA	FEMALE	479	BLACK/HISPANIC	
NICOLE	FEMALE	1935	HISPANIC/WHITE/ASIAN	
NICOLETTE	FEMALE	94	WHITE	
NINA	FEMALE	883	HISPANIC/WHITE/ASIAN	
NOA	FEMALE	405	WHITE	
NOELLE	FEMALE	52	WHITE	
NOEMI	FEMALE	133	HISPANIC	
NOOR	FEMALE	159	WHITE/ASIAN	
NORA	FEMALE	644	WHITE/ASIAN	
NORAH	FEMALE	61	WHITE	
NOVA	FEMALE	82	BLACK/HISPANIC	
NYAH	FEMALE	30	HISPANIC	
NYLA	FEMALE	709	HISPANIC/BLACK	
NYLAH	FEMALE	627	BLACK/HISPANIC	
OLIVE	FEMALE	200	WHITE	
OLIVIA	FEMALE	6118	HISPANIC/WHITE/ASIAN/BLACK	
OUMOU	FEMALE	182	BLACK	
PAIGE	FEMALE	685	WHITE/BLACK/HISPANIC	
PAMELA	FEMALE	39	HISPANIC	
PAOLA	FEMALE	69	HISPANIC	
PARIS	FEMALE	492	BLACK/HISPANIC	
PAULA	FEMALE	60	HISPANIC	
PAYTON	FEMALE	51	BLACK	
PEARL	FEMALE	388	WHITE	
PENELOPE	FEMALE	1467	HISPANIC/WHITE/ASIAN/BLACK	
PEREL	FEMALE	166	WHITE	
PERL	FEMALE	140	WHITE	
PERLA	FEMALE	117	HISPANIC	
PERRY	FEMALE	103	WHITE	
PESSY	FEMALE	361	WHITE	
PHOEBE	FEMALE	504	WHITE/ASIAN	
PIPER	FEMALE	178	WHITE	
POLINA	FEMALE	36	WHITE	
POPPY	FEMALE	95	WHITE	
PRECIOUS	FEMALE	30	BLACK	
PRINCESS	FEMALE	114	BLACK	
PRISCILLA	FEMALE	50	ASIAN/HISPANIC	
QUEENA	FEMALE	62	ASIAN	
QUEENIE	FEMALE	214	ASIAN	
RACHEL	FEMALE	3123	HISPANIC/WHITE/ASIAN/BLACK	
RAINA	FEMALE	100	ASIAN	
RAIZEL	FEMALE	244	WHITE	
RAIZY	FEMALE	868	WHITE	
RAQUEL	FEMALE	129	HISPANIC/WHITE	
REAGAN	FEMALE	125	WHITE	
REBECCA	FEMALE	1026	HISPANIC/WHITE/ASIAN/BLACK	
REEM	FEMALE	40	WHITE	
REESE	FEMALE	250	WHITE	
REIGN	FEMALE	11	BLACK	
REIZY	FEMALE	30	WHITE	
RENA	FEMALE	33	WHITE	
RENEE	FEMALE	60	ASIAN/WHITE	
RIFKA	FEMALE	50	WHITE	
RIFKY	FEMALE	177	WHITE	
RIHANNA	FEMALE	144	HISPANIC	
RINA	FEMALE	12	WHITE	
RIVA	FEMALE	10	WHITE	
RIVKA	FEMALE	1541	WHITE	
RIVKAH	FEMALE	27	WHITE	
RIVKY	FEMALE	731	WHITE	
RIYA	FEMALE	42	ASIAN	
ROCHEL	FEMALE	392	WHITE	
ROIZA	FEMALE	30	WHITE	
ROIZY	FEMALE	111	WHITE	
ROMY	FEMALE	30	WHITE	
ROSA	FEMALE	144	HISPANIC/WHITE	
ROSE	FEMALE	810	HISPANIC/WHITE	
ROSELYN	FEMALE	105	HISPANIC	
ROSEMARY	FEMALE	11	HISPANIC	
ROSIE	FEMALE	30	WHITE	
RUBY	FEMALE	825	HISPANIC/WHITE/ASIAN	
RUCHEL	FEMALE	30	WHITE	
RUCHY	FEMALE	215	WHITE	
RUTH	FEMALE	210	WHITE/HISPANIC	
RYLEE	FEMALE	11	BLACK	
SABINA	FEMALE	60	WHITE	
SABRINA	FEMALE	864	HISPANIC/WHITE/ASIAN	
SADE	FEMALE	48	BLACK	
SADIE	FEMALE	623	HISPANIC/WHITE	
SAFA	FEMALE	33	ASIAN	
SAGE	FEMALE	75	WHITE/BLACK	
SAIGE	FEMALE	43	BLACK	
SALMA	FEMALE	182	WHITE	
SALOME	FEMALE	63	HISPANIC	
SAMAIRA	FEMALE	13	ASIAN	
SAMANTHA	FEMALE	2761	HISPANIC/WHITE/ASIAN/BLACK	
SAMARA	FEMALE	248	HISPANIC/BLACK/ASIAN	
SAMIRA	FEMALE	68	WHITE	
SAMIYA	FEMALE	30	BLACK	
SAMIYAH	FEMALE	125	BLACK	
SANAA	FEMALE	250	BLACK	
SANAI	FEMALE	231	BLACK	
SANDRA	FEMALE	30	HISPANIC	
SANIYA	FEMALE	39	BLACK	
SANIYAH	FEMALE	150	BLACK	
SARA	FEMALE	2109	HISPANIC/WHITE/ASIAN	
SARAH	FEMALE	4232	HISPANIC/WHITE/ASIAN/BLACK	
SARAHI	FEMALE	16	HISPANIC	
SARAI	FEMALE	536	HISPANIC/BLACK	
SARI	FEMALE	10	WHITE	
SARIAH	FEMALE	212	HISPANIC/BLACK	
SARINA	FEMALE	33	ASIAN	
SARIYAH	FEMALE	10	BLACK	
SASHA	FEMALE	372	HISPANIC/WHITE/BLACK	
SAVANNA	FEMALE	52	HISPANIC	
SAVANNAH	FEMALE	1508	HISPANIC/WHITE/BLACK/ASIAN	
SCARLET	FEMALE	236	HISPANIC	
SCARLETT	FEMALE	1777	HISPANIC/WHITE/ASIAN/BLACK	
SELENA	FEMALE	393	HISPANIC/ASIAN	
SELINA	FEMALE	354	ASIAN	
SELMA	FEMALE	30	WHITE	
SERENA	FEMALE	399	WHITE/ASIAN	
SERENITY	FEMALE	1245	HISPANIC/BLACK	
SHAINA	FEMALE	231	WHITE	
SHAINDEL	FEMALE	139	WHITE	
SHAINDY	FEMALE	723	WHITE	
SHANIA	FEMALE	75	BLACK	
SHANIYA	FEMALE	33	BLACK	
SHARON	FEMALE	214	ASIAN	
SHAYLA	FEMALE	63	BLACK/HISPANIC	
SHAYNA	FEMALE	36	WHITE	
SHERLYN	FEMALE	315	HISPANIC	
SHERRY	FEMALE	39	ASIAN	
SHEVY	FEMALE	42	WHITE	
SHIFRA	FEMALE	238	WHITE	
SHILOH	FEMALE	85	BLACK	
SHIRA	FEMALE	260	WHITE	
SHIRLEY	FEMALE	353	HISPANIC/ASIAN	
SHOSHANA	FEMALE	248	WHITE	
SHREYA	FEMALE	30	ASIAN	
SIENA	FEMALE	221	WHITE	
SIENNA	FEMALE	782	HISPANIC/WHITE/ASIAN	
SIMA	FEMALE	211	WHITE	
SIMI	FEMALE	30	WHITE	
SIMONE	FEMALE	261	WHITE	
SKY	FEMALE	10	BLACK	
SKYE	FEMALE	160	BLACK	
SKYLA	FEMALE	503	HISPANIC/BLACK	
SKYLAH	FEMALE	172	BLACK/HISPANIC	
SKYLAR	FEMALE	1176	HISPANIC/WHITE/BLACK/ASIAN	
SLOANE	FEMALE	309	WHITE	
SOFIA	FEMALE	4248	HISPANIC/WHITE/ASIAN/BLACK	
SONIA	FEMALE	40	WHITE	
SOPHIA	FEMALE	6739	HISPANIC/WHITE/ASIAN/BLACK	
SOPHIE	FEMALE	1686	HISPANIC/WHITE/ASIAN	
SORAYA	FEMALE	30	BLACK	
STACEY	FEMALE	33	HISPANIC	
STACY	FEMALE	104	HISPANIC	
STELLA	FEMALE	1345	HISPANIC/WHITE/ASIAN	
STEPHANIE	FEMALE	837	HISPANIC/ASIAN/BLACK	
STEPHANY	FEMALE	33	HISPANIC	
SUMMER	FEMALE	583	WHITE/BLACK/ASIAN/HISPANIC	
SUNNY	FEMALE	30	ASIAN	
SURI	FEMALE	142	WHITE	
SURY	FEMALE	359	WHITE	
SYDNEY	FEMALE	816	WHITE/BLACK/ASIAN	
SYEDA	FEMALE	169	ASIAN	
SYLVIA	FEMALE	263	WHITE/ASIAN	
SYLVIE	FEMALE	91	WHITE	
SYMPHONY	FEMALE	39	BLACK	
TABITHA	FEMALE	30	BLACK	
TALIA	FEMALE	656	WHITE/BLACK	
TALIYAH	FEMALE	11	BLACK	
TAMAR	FEMALE	146	WHITE	
TAMARA	FEMALE	10	WHITE	
TAMIA	FEMALE	164	BLACK	
TANISHA	FEMALE	42	ASIAN	
TARAJI	FEMALE	36	BLACK	
TASNIM	FEMALE	30	ASIAN	
TATIANA	FEMALE	133	HISPANIC	
TEAGAN	FEMALE	13	WHITE	
TEHILA	FEMALE	11	WHITE	
TESS	FEMALE	33	WHITE	
TESSA	FEMALE	181	WHITE	
THEA	FEMALE	48	WHITE	
TIANA	FEMALE	230	HISPANIC/BLACK	
TIANNA	FEMALE	90	BLACK	
TIFFANY	FEMALE	766	HISPANIC/ASIAN	
TINA	FEMALE	136	ASIAN	
TOBA	FEMALE	12	WHITE	
TOBY	FEMALE	617	WHITE	
TORI	FEMALE	176	BLACK	
TOVA	FEMALE	68	WHITE	
TRANY	FEMALE	78	WHITE	
TRINITY	FEMALE	380	BLACK/HISPANIC	
TZIPORA	FEMALE	181	WHITE	
TZIPORAH	FEMALE	91	WHITE	
TZIPPY	FEMALE	30	WHITE	
TZIVIA	FEMALE	75	WHITE	
VALENTINA	FEMALE	1958	HISPANIC/WHITE	
VALERIA	FEMALE	532	HISPANIC	
VALERIE	FEMALE	887	HISPANIC/WHITE/ASIAN	
VALERY	FEMALE	110	HISPANIC	
VANESSA	FEMALE	862	HISPANIC/WHITE/ASIAN/BLACK	
VERA	FEMALE	190	WHITE	
VERONICA	FEMALE	356	HISPANIC/WHITE	
VERONIKA	FEMALE	33	WHITE	
VICKY	FEMALE	310	ASIAN	
VICTORIA	FEMALE	3655	HISPANIC/WHITE/BLACK/ASIAN	
VIENNA	FEMALE	13	WHITE	
VIOLET	FEMALE	1023	HISPANIC/WHITE/ASIAN/BLACK	
VIOLETA	FEMALE	46	HISPANIC	
VIRGINIA	FEMALE	36	WHITE	
VIVIAN	FEMALE	1118	WHITE/ASIAN/HISPANIC	
VIVIANA	FEMALE	57	HISPANIC	
VIVIENNE	FEMALE	419	WHITE	
WENDY	FEMALE	231	HISPANIC/ASIAN	
WILLA	FEMALE	280	WHITE	
WILLOW	FEMALE	26	WHITE	
WINNIE	FEMALE	274	ASIAN	
WINTER	FEMALE	48	BLACK	
WYNTER	FEMALE	117	BLACK	
XIMENA	FEMALE	287	HISPANIC	
XIN	FEMALE	105	ASIAN	
YACHET	FEMALE	51	WHITE	
YAMILET	FEMALE	33	HISPANIC	
YAMILETH	FEMALE	83	HISPANIC	
YARA	FEMALE	30	WHITE	
YARETZI	FEMALE	422	HISPANIC	
YARITZA	FEMALE	12	HISPANIC	
YASMIN	FEMALE	82	HISPANIC/WHITE	
YASMINA	FEMALE	44	WHITE	
YASMINE	FEMALE	66	WHITE	
YEHUDIS	FEMALE	295	WHITE	
YESENIA	FEMALE	33	HISPANIC	
YIDES	FEMALE	356	WHITE	
YITTA	FEMALE	36	WHITE	
YITTY	FEMALE	620	WHITE	
YOCHEVED	FEMALE	390	WHITE	
YU	FEMALE	39	ASIAN	
YUNA	FEMALE	11	ASIAN	
ZAHARA	FEMALE	41	BLACK	
ZAHRA	FEMALE	194	ASIAN/BLACK	
ZAINAB	FEMALE	327	ASIAN/WHITE	
ZANIYAH	FEMALE	84	BLACK	
ZARA	FEMALE	538	ASIAN/BLACK/HISPANIC/WHITE	
ZARIA	FEMALE	39	BLACK	
ZARIAH	FEMALE	121	BLACK	
ZELDA	FEMALE	79	WHITE	
ZENDAYA	FEMALE	52	BLACK	
ZISSY	FEMALE	351	WHITE	
ZOE	FEMALE	2988	HISPANIC/ASIAN/BLACK/WHITE	
ZOEY	FEMALE	1367	HISPANIC/WHITE/BLACK/ASIAN	
ZOYA	FEMALE	48	ASIAN	
ZURI	FEMALE	233	BLACK	
ALEXIS	FEMALE/MALE	1163	WHITE/HISPANIC/BLACK/ASIAN	
ARIEL	FEMALE/MALE	1558	WHITE/HISPANIC/BLACK/ASIAN	
AVERY	FEMALE/MALE	2045	WHITE/BLACK/HISPANIC/ASIAN	
BLAKE	FEMALE/MALE	742	WHITE/BLACK/HISPANIC	
CAMERON	FEMALE/MALE	1327	WHITE/BLACK/HISPANIC/ASIAN	
CHARLIE	FEMALE/MALE	541	WHITE/HISPANIC	
DYLAN	FEMALE/MALE	6368	WHITE/ASIAN/BLACK/HISPANIC	
EDEN	FEMALE/MALE	446	WHITE/BLACK/ASIAN	
JAYLIN	FEMALE/MALE	225	HISPANIC/BLACK	
MILAN	FEMALE/MALE	611	BLACK/HISPANIC/WHITE	
PARKER	FEMALE/MALE	424	WHITE/ASIAN	
PEYTON	FEMALE/MALE	898	BLACK/HISPANIC/WHITE	
PHOENIX	FEMALE/MALE	115	BLACK/WHITE	
QUINN	FEMALE/MALE	472	WHITE	
RILEY	FEMALE/MALE	1623	HISPANIC/WHITE/BLACK/ASIAN	
RYAN	FEMALE/MALE	6221	WHITE/ASIAN/BLACK/HISPANIC	
TAYLOR	FEMALE/MALE	1337	HISPANIC/WHITE/BLACK/ASIAN	
YAEL	FEMALE/MALE	286	WHITE/HISPANIC	
AAHIL	MALE	66	ASIAN	
AARAV	MALE	156	ASIAN	
AARON	MALE	4074	ASIAN/BLACK/HISPANIC/WHITE	
AARYAN	MALE	23	ASIAN	
AAYAN	MALE	126	ASIAN	
ABDIEL	MALE	101	HISPANIC	
ABDOUL	MALE	132	BLACK	
ABDOULAYE	MALE	179	BLACK	
ABDUL	MALE	238	ASIAN/BLACK	
ABDULLAH	MALE	443	ASIAN/WHITE	
ABEL	MALE	287	HISPANIC	
ABOUBACAR	MALE	13	BLACK	
ABRAHAM	MALE	2443	HISPANIC/WHITE/BLACK	
ABRAR	MALE	10	ASIAN	
ADAM	MALE	3552	ASIAN/BLACK/HISPANIC/WHITE	
ADAN	MALE	93	HISPANIC	
ADEN	MALE	325	BLACK/HISPANIC/ASIAN	
ADIEL	MALE	12	HISPANIC	
ADITYA	MALE	114	ASIAN	
ADONIS	MALE	384	BLACK/HISPANIC	
ADRIAN	MALE	2994	ASIAN/BLACK/HISPANIC/WHITE	
ADRIEL	MALE	428	HISPANIC	
ADYAN	MALE	103	ASIAN	
AHARON	MALE	188	WHITE	
AHMAD	MALE	158	WHITE/ASIAN	
AHMED	MALE	691	ASIAN/BLACK/WHITE	
AHNAF	MALE	81	ASIAN	
AHRON	MALE	106	WHITE	
AIDAN	MALE	1460	ASIAN/BLACK/HISPANIC/WHITE	
AIDEN	MALE	6718	ASIAN/BLACK/HISPANIC/WHITE	
AKIVA	MALE	312	WHITE	
ALAN	MALE	1438	ASIAN/HISPANIC/WHITE	
ALBERT	MALE	646	HISPANIC/WHITE/ASIAN	
ALBERTO	MALE	175	HISPANIC	
ALDO	MALE	72	HISPANIC	
ALEC	MALE	66	WHITE	
ALEJANDRO	MALE	873	HISPANIC	
ALEKSANDER	MALE	30	WHITE	
ALESSANDRO	MALE	23	HISPANIC/WHITE	
ALEX	MALE	1944	ASIAN/HISPANIC/WHITE/BLACK	
ALEXANDER	MALE	6349	ASIAN/BLACK/HISPANIC/WHITE	
ALFRED	MALE	54	ASIAN	
ALFREDO	MALE	81	HISPANIC	
ALI	MALE	871	ASIAN/BLACK/WHITE	
ALIJAH	MALE	30	BLACK	
ALLAN	MALE	116	HISPANIC	
ALLEN	MALE	570	ASIAN/HISPANIC/WHITE	
ALONSO	MALE	40	HISPANIC	
ALPHA	MALE	152	BLACK	
ALSTON	MALE	101	ASIAN	
ALTER	MALE	45	WHITE	
ALVIN	MALE	654	ASIAN/BLACK/HISPANIC	
AMADOU	MALE	231	BLACK	
AMAR'E	MALE	120	BLACK	
AMARE	MALE	165	BLACK	
AMARI	MALE	586	BLACK/HISPANIC	
AMEER	MALE	22	BLACK/WHITE	
AMIR	MALE	1871	BLACK/HISPANIC/WHITE	
AMROM	MALE	39	WHITE	
ANAS	MALE	16	WHITE	
ANDERSON	MALE	492	HISPANIC/WHITE/ASIAN	
ANDRE	MALE	319	BLACK/HISPANIC	
ANDRES	MALE	482	HISPANIC	
ANDREW	MALE	3943	ASIAN/BLACK/HISPANIC/WHITE	
ANDY	MALE	1125	ASIAN/HISPANIC	
ANGELO	MALE	428	HISPANIC/WHITE	
ANGUS	MALE	48	ASIAN	
ANSON	MALE	285	ASIAN	
ANTHONY	MALE	5330	ASIAN/BLACK/HISPANIC/WHITE	
ANTON	MALE	76	WHITE	
ANTONIO	MALE	832	BLACK/HISPANIC/WHITE	
ARCHER	MALE	122	WHITE	
ARHAM	MALE	84	ASIAN	
ARI	MALE	528	WHITE	
ARIAN	MALE	33	HISPANIC	
ARJUN	MALE	296	ASIAN	
ARLO	MALE	79	WHITE	
ARMAAN	MALE	110	ASIAN	
ARMANDO	MALE	73	HISPANIC	
ARMANI	MALE	262	HISPANIC/BLACK	
ARON	MALE	883	WHITE	
ARTHUR	MALE	422	WHITE/ASIAN	
ARTURO	MALE	40	HISPANIC	
ARVIN	MALE	33	ASIAN	
ARYAN	MALE	259	ASIAN	
ARYE	MALE	36	WHITE	
ARYEH	MALE	355	WHITE	
ASHER	MALE	1047	WHITE/ASIAN/BLACK/HISPANIC	
ASHTON	MALE	559	BLACK/HISPANIC/WHITE/ASIAN	
ATTICUS	MALE	30	WHITE	
AUGUST	MALE	383	WHITE/HISPANIC/BLACK	
AUGUSTUS	MALE	40	WHITE	
AUSTIN	MALE	1928	ASIAN/BLACK/HISPANIC/WHITE	
AVI	MALE	138	WHITE	
AVIEL	MALE	10	WHITE	
AVRAHAM	MALE	652	WHITE	
AVROHOM	MALE	394	WHITE	
AVRUM	MALE	199	WHITE	
AXEL	MALE	880	HISPANIC/WHITE	
AYAAN	MALE	584	ASIAN	
AYAN	MALE	194	ASIAN	
AYDEN	MALE	2474	ASIAN/BLACK/HISPANIC/WHITE	
AYDIN	MALE	57	WHITE/ASIAN	
AZAAN	MALE	43	ASIAN	
BARUCH	MALE	232	WHITE	
BECKETT	MALE	178	WHITE	
BEN	MALE	283	WHITE	
BENJAMIN	MALE	4633	ASIAN/BLACK/HISPANIC/WHITE	
BENNETT	MALE	209	WHITE	
BENSON	MALE	243	ASIAN	
BENTZION	MALE	46	WHITE	
BENZION	MALE	215	WHITE	
BERISH	MALE	71	WHITE	
BERL	MALE	62	WHITE	
BINYAMIN	MALE	48	WHITE	
BINYOMIN	MALE	141	WHITE	
BODHI	MALE	15	WHITE	
BORUCH	MALE	183	WHITE	
BOUBACAR	MALE	81	BLACK	
BOWEN	MALE	30	ASIAN	
BRADLEY	MALE	512	HISPANIC/BLACK/WHITE/ASIAN	
BRADY	MALE	190	WHITE	
BRANDON	MALE	3432	ASIAN/BLACK/HISPANIC/WHITE	
BRAYAN	MALE	299	HISPANIC	
BRAYDEN	MALE	580	HISPANIC/WHITE/ASIAN/BLACK	
BRENDAN	MALE	291	WHITE/ASIAN	
BRIAN	MALE	1530	ASIAN/BLACK/WHITE/HISPANIC	
BRODY	MALE	237	WHITE	
BROOKS	MALE	49	WHITE	
BRUCE	MALE	161	ASIAN/HISPANIC	
BRUNO	MALE	10	HISPANIC	
BRYAN	MALE	1613	ASIAN/BLACK/HISPANIC/WHITE	
BRYANT	MALE	178	HISPANIC	
BRYCE	MALE	574	BLACK/HISPANIC/WHITE	
BRYSON	MALE	223	BLACK/HISPANIC	
BYRON	MALE	148	HISPANIC	
CADEN	MALE	120	WHITE/BLACK/ASIAN	
CAIDEN	MALE	148	BLACK/HISPANIC	
CAIRO	MALE	48	BLACK	
CALEB	MALE	2022	ASIAN/BLACK/HISPANIC/WHITE	
CALVIN	MALE	313	ASIAN/WHITE/BLACK	
CAMDEN	MALE	58	BLACK/WHITE	
CAMILO	MALE	69	HISPANIC	
CAMREN	MALE	76	BLACK	
CARLOS	MALE	1296	HISPANIC	
CARMELO	MALE	231	BLACK/HISPANIC	
CARMINE	MALE	33	WHITE	
CARSON	MALE	268	ASIAN	
CARTER	MALE	1506	BLACK/WHITE/ASIAN/HISPANIC	
CAYDEN	MALE	320	BLACK/HISPANIC/ASIAN	
CESAR	MALE	395	HISPANIC	
CHACE	MALE	11	BLACK	
CHAD	MALE	80	BLACK	
CHAIM	MALE	2079	WHITE	
CHANCE	MALE	320	BLACK	
CHARLES	MALE	2357	ASIAN/BLACK/HISPANIC/WHITE	
CHASE	MALE	1590	BLACK/HISPANIC/WHITE/ASIAN	
CHESKEL	MALE	188	WHITE	
CHESKY	MALE	102	WHITE	
CHRIS	MALE	536	BLACK/HISPANIC/WHITE/ASIAN	
CHRISTIAN	MALE	3816	ASIAN/BLACK/HISPANIC/WHITE	
CHRISTOPHER	MALE	4709	ASIAN/BLACK/HISPANIC/WHITE	
CLARK	MALE	13	WHITE	
CODY	MALE	101	ASIAN/BLACK	
COLE	MALE	393	WHITE	
COLIN	MALE	599	WHITE/ASIAN	
COLTON	MALE	62	WHITE	
CONNOR	MALE	977	ASIAN/WHITE/BLACK	
CONOR	MALE	162	WHITE	
COOPER	MALE	451	WHITE	
COREY	MALE	76	BLACK	
CORMAC	MALE	33	WHITE	
CRISTIAN	MALE	572	HISPANIC	
CRISTOFER	MALE	33	HISPANIC	
CRISTOPHER	MALE	129	HISPANIC	
CROSBY	MALE	11	WHITE	
CYRUS	MALE	58	ASIAN/WHITE	
DALLAS	MALE	12	BLACK	
DAMANI	MALE	30	BLACK	
DAMARI	MALE	10	BLACK	
DAMIAN	MALE	706	HISPANIC/WHITE	
DAMIEN	MALE	194	HISPANIC	
DAMON	MALE	103	ASIAN	
DANIEL	MALE	7161	ASIAN/BLACK/HISPANIC/WHITE	
DANNY	MALE	431	ASIAN/HISPANIC	
DANTE	MALE	279	HISPANIC/WHITE	
DARIEL	MALE	399	HISPANIC	
DARIUS	MALE	127	BLACK	
DARREN	MALE	402	ASIAN/BLACK	
DARWIN	MALE	234	HISPANIC	
DASHIELL	MALE	66	WHITE	
DAVID	MALE	7195	ASIAN/BLACK/WHITE/HISPANIC	
DEAN	MALE	429	WHITE/HISPANIC/ASIAN	
DECLAN	MALE	486	WHITE	
DENIS	MALE	30	WHITE	
DENNIS	MALE	134	HISPANIC/WHITE	
DENZEL	MALE	84	HISPANIC	
DERECK	MALE	66	HISPANIC	
DEREK	MALE	1219	ASIAN/HISPANIC/WHITE	
DERICK	MALE	84	HISPANIC	
DERRICK	MALE	115	BLACK/ASIAN	
DESMOND	MALE	69	WHITE	
DEVIN	MALE	823	ASIAN/BLACK/HISPANIC/WHITE	
DEVON	MALE	30	BLACK	
DIEGO	MALE	804	HISPANIC	
DILAN	MALE	45	HISPANIC	
DILLON	MALE	10	WHITE	
DOMINIC	MALE	926	BLACK/HISPANIC/WHITE	
DOMINICK	MALE	461	HISPANIC/WHITE/BLACK	
DONOVAN	MALE	131	BLACK/HISPANIC/WHITE	
DOV	MALE	521	WHITE	
DOVID	MALE	451	WHITE	
DREW	MALE	98	WHITE	
DUVID	MALE	88	WHITE	
DWAYNE	MALE	42	BLACK	
EAN	MALE	34	HISPANIC	
EASON	MALE	397	ASIAN	
EDDIE	MALE	72	HISPANIC/ASIAN	
EDDY	MALE	56	HISPANIC	
EDGAR	MALE	316	HISPANIC	
EDISON	MALE	258	ASIAN/HISPANIC	
EDUARDO	MALE	411	HISPANIC	
EDWARD	MALE	1212	BLACK/HISPANIC/WHITE/ASIAN	
EDWIN	MALE	808	ASIAN/HISPANIC	
EFRAIM	MALE	267	WHITE	
EITAN	MALE	226	WHITE	
ELAN	MALE	82	WHITE	
ELI	MALE	2420	BLACK/HISPANIC/WHITE/ASIAN	
ELIAM	MALE	53	HISPANIC	
ELIAN	MALE	289	HISPANIC	
ELIAS	MALE	1575	BLACK/HISPANIC/WHITE	
ELIEL	MALE	12	HISPANIC	
ELIEZER	MALE	521	WHITE	
ELIJAH	MALE	3643	ASIAN/BLACK/HISPANIC/WHITE	
ELIMELECH	MALE	241	WHITE	
ELIOT	MALE	10	WHITE	
ELIYAHU	MALE	424	WHITE	
ELLIOT	MALE	470	WHITE/HISPANIC	
ELLIOTT	MALE	181	WHITE	
ELLIS	MALE	132	WHITE	
ELUZER	MALE	45	WHITE	
ELVIN	MALE	30	HISPANIC	
ELVIS	MALE	164	ASIAN/HISPANIC	
ELYA	MALE	13	WHITE	
EMANUEL	MALE	351	HISPANIC	
EMILIANO	MALE	121	HISPANIC	
EMILIO	MALE	293	HISPANIC	
EMMANUEL	MALE	1522	BLACK/HISPANIC/ASIAN/WHITE	
EMMETT	MALE	168	WHITE	
ENRIQUE	MALE	137	HISPANIC	
ENZO	MALE	95	HISPANIC/WHITE	
EPHRAIM	MALE	59	WHITE	
ERIC	MALE	2322	ASIAN/BLACK/HISPANIC/WHITE	
ERICK	MALE	876	HISPANIC	
ERIK	MALE	180	HISPANIC/WHITE	
ESHAN	MALE	10	ASIAN	
ESTEBAN	MALE	146	HISPANIC	
ETHAN	MALE	8722	ASIAN/BLACK/WHITE/HISPANIC	
EVAN	MALE	2791	ASIAN/BLACK/HISPANIC/WHITE	
EVERETT	MALE	188	WHITE	
EYAD	MALE	10	WHITE	
EZEKIEL	MALE	200	HISPANIC/BLACK	
EZEQUIEL	MALE	169	HISPANIC	
EZRA	MALE	794	WHITE/HISPANIC/BLACK	
EZRIEL	MALE	44	WHITE	
FABIAN	MALE	138	HISPANIC	
FARHAN	MALE	95	ASIAN	
FELIPE	MALE	48	HISPANIC	
FELIX	MALE	861	ASIAN/HISPANIC/WHITE	
FERNANDO	MALE	390	HISPANIC	
FEYNMAN	MALE	14	ASIAN	
FILIP	MALE	150	WHITE	
FINN	MALE	366	WHITE	
FISHEL	MALE	12	WHITE	
FRANCESCO	MALE	202	WHITE	
FRANCIS	MALE	116	WHITE/HISPANIC	
FRANCISCO	MALE	348	HISPANIC	
FRANK	MALE	529	HISPANIC/WHITE/ASIAN	
FRANKLIN	MALE	106	HISPANIC	
FREDDY	MALE	75	HISPANIC	
FREDERICK	MALE	153	WHITE	
GABRIEL	MALE	4148	ASIAN/BLACK/HISPANIC/WHITE	
GAEL	MALE	647	HISPANIC	
GARY	MALE	45	ASIAN	
GAVIN	MALE	1440	ASIAN/BLACK/HISPANIC/WHITE	
GAVRIEL	MALE	235	WHITE	
GEORGE	MALE	1397	ASIAN/BLACK/HISPANIC/WHITE	
GERARD	MALE	30	HISPANIC	
GERARDO	MALE	69	HISPANIC	
GIANCARLO	MALE	30	WHITE	
GIANLUCA	MALE	50	WHITE	
GIOVANI	MALE	52	HISPANIC	
GIOVANNI	MALE	1270	BLACK/HISPANIC/WHITE	
GIOVANNY	MALE	75	HISPANIC	
GIUSEPPE	MALE	42	WHITE	
GORDON	MALE	105	ASIAN	
GRAHAM	MALE	313	WHITE	
GRANT	MALE	212	WHITE	
GRAYSON	MALE	544	WHITE/HISPANIC/ASIAN/BLACK	
GREGORY	MALE	393	HISPANIC/WHITE/BLACK	
GREYSON	MALE	199	WHITE/BLACK/HISPANIC	
GRIFFIN	MALE	248	WHITE	
GUSTAVO	MALE	132	HISPANIC	
HAMZA	MALE	249	ASIAN/WHITE	
HANLEY	MALE	30	HISPANIC	
HAO	MALE	33	ASIAN	
HARRISON	MALE	793	ASIAN/WHITE/HISPANIC	
HARRY	MALE	235	WHITE/ASIAN	
HARVEY	MALE	30	WHITE	
HASHIM	MALE	13	ASIAN	
HASSAN	MALE	60	BLACK/ASIAN	
HAYDEN	MALE	301	ASIAN/BLACK/WHITE	
HECTOR	MALE	351	HISPANIC	
HENRY	MALE	3104	ASIAN/HISPANIC/WHITE/BLACK	
HERMAN	MALE	10	WHITE	
HERSH	MALE	203	WHITE	
HERSHEL	MALE	287	WHITE	
HERSHY	MALE	348	WHITE	
HILLEL	MALE	69	WHITE	
HUDSON	MALE	988	WHITE/ASIAN/HISPANIC	
HUGO	MALE	265	WHITE/HISPANIC/ASIAN	
HUNTER	MALE	1280	BLACK/HISPANIC/WHITE/ASIAN	
IAN	MALE	2388	ASIAN/BLACK/HISPANIC/WHITE	
IBRAHIM	MALE	878	ASIAN/BLACK/WHITE	
IBRAHIMA	MALE	195	BLACK	
IKER	MALE	501	HISPANIC	
ILAN	MALE	138	WHITE	
IMRAN	MALE	42	WHITE	
ISAAC	MALE	3228	ASIAN/BLACK/HISPANIC/WHITE	
ISAIAH	MALE	2153	BLACK/HISPANIC/WHITE/ASIAN	
ISAIAS	MALE	65	HISPANIC	
ISHAAN	MALE	52	ASIAN	
ISHMAEL	MALE	30	BLACK	
ISIAH	MALE	66	BLACK	
ISMAEL	MALE	364	HISPANIC/BLACK	
ISRAEL	MALE	802	HISPANIC/WHITE/BLACK	
ISSAC	MALE	60	WHITE	
IVAN	MALE	1446	ASIAN/HISPANIC/WHITE	
IZAIAH	MALE	33	HISPANIC	
JABARI	MALE	10	BLACK	
JACE	MALE	1151	BLACK/HISPANIC/WHITE/ASIAN	
JACK	MALE	3106	ASIAN/HISPANIC/WHITE	
JACKSON	MALE	1539	ASIAN/BLACK/WHITE/HISPANIC	
JACKY	MALE	115	ASIAN	
JACOB	MALE	8466	ASIAN/BLACK/HISPANIC/WHITE	
JAD	MALE	43	WHITE	
JADEN	MALE	1762	ASIAN/BLACK/HISPANIC	
JADIEL	MALE	579	HISPANIC	
JAEL	MALE	198	HISPANIC	
JAHEIM	MALE	40	BLACK	
JAHIR	MALE	30	HISPANIC	
JAHMIR	MALE	90	BLACK	
JAIDEN	MALE	674	BLACK/HISPANIC	
JAIME	MALE	82	HISPANIC	
JAIR	MALE	30	HISPANIC	
JAKE	MALE	1438	ASIAN/HISPANIC/WHITE	
JAKUB	MALE	33	WHITE	
JALEN	MALE	160	BLACK	
JAMAL	MALE	95	BLACK	
JAMAR	MALE	36	BLACK	
JAMARI	MALE	91	BLACK	
JAMEL	MALE	61	BLACK	
JAMES	MALE	5001	ASIAN/BLACK/HISPANIC/WHITE	
JAMESON	MALE	14	WHITE	
JAMIR	MALE	47	BLACK	
JANIEL	MALE	30	HISPANIC	
JANUEL	MALE	63	HISPANIC	
JARED	MALE	331	BLACK/HISPANIC	
JARIEL	MALE	278	HISPANIC	
JASIAH	MALE	186	BLACK/HISPANIC	
JASON	MALE	3311	ASIAN/BLACK/HISPANIC/WHITE	
JASPER	MALE	521	WHITE/ASIAN	
JAVIER	MALE	456	HISPANIC	
JAX	MALE	83	WHITE/HISPANIC	
JAXON	MALE	374	WHITE/BLACK/HISPANIC	
JAXSON	MALE	140	WHITE/HISPANIC/BLACK	
JAY	MALE	317	ASIAN/HISPANIC/WHITE	
JAYCE	MALE	561	HISPANIC/BLACK	
JAYCEON	MALE	266	HISPANIC/BLACK	
JAYCOB	MALE	58	HISPANIC	
JAYDEN	MALE	7759	ASIAN/BLACK/WHITE/HISPANIC	
JAYLEN	MALE	394	BLACK/HISPANIC	
JAYREN	MALE	30	HISPANIC	
JAYSON	MALE	370	BLACK/HISPANIC	
JEAN	MALE	346	HISPANIC	
JEANCARLOS	MALE	30	HISPANIC	
JEFFERSON	MALE	207	HISPANIC	
JEFFREY	MALE	627	ASIAN/HISPANIC	
JELANI	MALE	33	BLACK	
JENCARLOS	MALE	63	HISPANIC	
JEREMIAH	MALE	3108	BLACK/HISPANIC	
JEREMIAS	MALE	78	HISPANIC	
JEREMY	MALE	2246	ASIAN/BLACK/HISPANIC/WHITE	
JERMAINE	MALE	90	BLACK	
JERRY	MALE	339	ASIAN/HISPANIC	
JESSE	MALE	298	BLACK/HISPANIC/WHITE	
JESUS	MALE	962	HISPANIC	
JIMMY	MALE	228	HISPANIC/ASIAN	
JOAQUIN	MALE	292	HISPANIC/WHITE	
JOEL	MALE	1832	BLACK/HISPANIC/WHITE	
JOHAN	MALE	426	HISPANIC	
JOHANN	MALE	48	HISPANIC	
JOHN	MALE	3882	ASIAN/BLACK/HISPANIC/WHITE	
JOHNATHAN	MALE	48	HISPANIC	
JOHNNY	MALE	364	ASIAN/HISPANIC	
JONAEL	MALE	12	HISPANIC	
JONAH	MALE	951	HISPANIC/WHITE/BLACK	
JONAS	MALE	159	HISPANIC/BLACK	
JONATHAN	MALE	4015	ASIAN/BLACK/HISPANIC/WHITE	
JORDI	MALE	12	HISPANIC	
JORGE	MALE	495	HISPANIC	
JOSE	MALE	1714	HISPANIC	
JOSEF	MALE	21	WHITE	
JOSEPH	MALE	6135	ASIAN/BLACK/HISPANIC/WHITE	
JOSHUA	MALE	5010	ASIAN/BLACK/HISPANIC/WHITE	
JOSIAH	MALE	2182	BLACK/HISPANIC/ASIAN	
JOSUE	MALE	514	HISPANIC	
JOZIAH	MALE	10	HISPANIC	
JUAN	MALE	1090	HISPANIC	
JUDAH	MALE	411	WHITE/BLACK	
JUDE	MALE	280	WHITE	
JULIAN	MALE	2699	ASIAN/HISPANIC/WHITE/BLACK	
JULIEN	MALE	192	HISPANIC/WHITE	
JULIO	MALE	309	HISPANIC	
JULIUS	MALE	487	HISPANIC/BLACK	
JUN	MALE	30	ASIAN	
JUNIOR	MALE	126	HISPANIC	
JUSTICE	MALE	240	BLACK/HISPANIC	
JUSTIN	MALE	4956	ASIAN/BLACK/HISPANIC/WHITE	
KABIR	MALE	44	ASIAN	
KACPER	MALE	33	WHITE	
KADEN	MALE	421	BLACK/HISPANIC/ASIAN	
KAIDEN	MALE	889	BLACK/HISPANIC	
KALEB	MALE	354	BLACK/HISPANIC	
KAMARI	MALE	175	BLACK	
KAMERON	MALE	96	BLACK	
KARAS	MALE	41	WHITE	
KAREEM	MALE	176	BLACK/WHITE	
KARTER	MALE	236	BLACK/HISPANIC	
KAYDEN	MALE	1400	BLACK/HISPANIC/ASIAN	
KAZI	MALE	10	ASIAN	
KEITH	MALE	66	BLACK	
KELVIN	MALE	210	HISPANIC	
KENDRICK	MALE	106	HISPANIC	
KENNETH	MALE	590	BLACK/HISPANIC/WHITE/ASIAN	
KENNY	MALE	231	HISPANIC/ASIAN	
KEVIN	MALE	3917	ASIAN/BLACK/HISPANIC/WHITE	
KHALIL	MALE	179	BLACK	
KIAN	MALE	24	WHITE/ASIAN	
KIERAN	MALE	178	WHITE	
KIMI	MALE	140	ASIAN	
KING	MALE	853	BLACK/HISPANIC	
KINGSLEY	MALE	358	ASIAN	
KINGSTON	MALE	98	ASIAN/BLACK	
KIYAN	MALE	81	BLACK	
KRISH	MALE	59	ASIAN	
KRISTIAN	MALE	81	BLACK	
KYLE	MALE	1550	ASIAN/BLACK/WHITE/HISPANIC	
KYMANI	MALE	129	BLACK	
KYREE	MALE	10	BLACK	
KYRIE	MALE	238	BLACK/HISPANIC	
KYSON	MALE	24	ASIAN	
LAITH	MALE	30	WHITE	
LAMAR	MALE	45	BLACK	
LANDON	MALE	529	BLACK/HISPANIC/WHITE/ASIAN	
LARRY	MALE	30	HISPANIC	
LAWRENCE	MALE	247	ASIAN	
LAZER	MALE	281	WHITE	
LEANDRO	MALE	202	HISPANIC	
LEGEND	MALE	28	BLACK	
LEIBISH	MALE	46	WHITE	
LENNY	MALE	123	HISPANIC	
LEO	MALE	2258	ASIAN/HISPANIC/WHITE/BLACK	
LEON	MALE	739	ASIAN/WHITE/BLACK/HISPANIC	
LEONARD	MALE	47	WHITE	
LEONARDO	MALE	1291	HISPANIC/WHITE/ASIAN	
LEONEL	MALE	102	HISPANIC	
LEONIDAS	MALE	67	HISPANIC/WHITE	
LEV	MALE	168	WHITE	
LEVI	MALE	1019	BLACK/WHITE/HISPANIC	
LIAM	MALE	6340	ASIAN/BLACK/HISPANIC/WHITE	
LIAN	MALE	30	HISPANIC	
LINCOLN	MALE	114	WHITE/ASIAN	
LIONEL	MALE	10	HISPANIC	
LIPA	MALE	426	WHITE	
LORENZO	MALE	540	HISPANIC/WHITE/BLACK	
LOUIS	MALE	719	ASIAN/HISPANIC/WHITE	
LUCA	MALE	1375	WHITE/HISPANIC/ASIAN	
LUCAS	MALE	5590	ASIAN/BLACK/HISPANIC/WHITE	
LUCIAN	MALE	12	WHITE	
LUCIEN	MALE	84	WHITE	
LUIS	MALE	1467	HISPANIC	
LUKA	MALE	312	WHITE	
LUKAS	MALE	457	HISPANIC/WHITE	
LUKE	MALE	1951	ASIAN/HISPANIC/WHITE/BLACK	
MADDOX	MALE	30	HISPANIC	
MAHAMADOU	MALE	30	BLACK	
MAISON	MALE	76	HISPANIC/BLACK	
MAJOR	MALE	113	BLACK	
MAKAI	MALE	71	BLACK	
MAKHI	MALE	33	BLACK	
MAKSIM	MALE	63	WHITE	
MALACHI	MALE	740	BLACK	
MALCOLM	MALE	72	BLACK	
MALEK	MALE	10	WHITE	
MALIK	MALE	387	BLACK/WHITE	
MAMADOU	MALE	370	BLACK	
MANUEL	MALE	410	HISPANIC	
MARC	MALE	223	BLACK/WHITE/HISPANIC	
MARCEL	MALE	41	WHITE	
MARCELO	MALE	36	HISPANIC	
MARCO	MALE	600	HISPANIC/WHITE	
MARCOS	MALE	288	HISPANIC	
MARCUS	MALE	1156	ASIAN/BLACK/HISPANIC/WHITE	
MARIO	MALE	239	HISPANIC	
MARK	MALE	1001	HISPANIC/WHITE/ASIAN/BLACK	
MARLON	MALE	131	HISPANIC	
MARQUIS	MALE	30	BLACK	
MARTIN	MALE	640	ASIAN/HISPANIC/WHITE	
MARVIN	MALE	150	HISPANIC	
MASON	MALE	5687	ASIAN/BLACK/HISPANIC/WHITE	
MASSIMO	MALE	36	WHITE	
MATEO	MALE	1216	HISPANIC/WHITE	
MATHEW	MALE	246	HISPANIC	
MATHIAS	MALE	172	HISPANIC	
MATIAS	MALE	330	HISPANIC	
MATTEO	MALE	578	WHITE/HISPANIC	
MATTHEW	MALE	7264	ASIAN/BLACK/HISPANIC/WHITE	
MATTHIAS	MALE	10	HISPANIC	
MAURICE	MALE	74	BLACK	
MAURICIO	MALE	115	HISPANIC	
MAX	MALE	2108	ASIAN/HISPANIC/WHITE	
MAXIM	MALE	328	WHITE	
MAXIMILIAN	MALE	482	WHITE/HISPANIC/ASIAN	
MAXIMILIANO	MALE	195	HISPANIC	
MAXIMO	MALE	66	HISPANIC	
MAXIMUS	MALE	494	HISPANIC/WHITE/BLACK	
MAXWELL	MALE	1062	WHITE/ASIAN/HISPANIC/BLACK	
MAYER	MALE	333	WHITE	
MAYSON	MALE	33	HISPANIC	
MD	MALE	47	ASIAN	
MEILECH	MALE	118	WHITE	
MEIR	MALE	712	WHITE	
MEKHI	MALE	311	BLACK	
MELVIN	MALE	152	HISPANIC	
MENACHEM	MALE	1167	WHITE	
MENASHE	MALE	79	WHITE	
MENDEL	MALE	565	WHITE	
MENDY	MALE	232	WHITE	
MESHILEM	MALE	32	WHITE	
MESSIAH	MALE	637	BLACK/HISPANIC	
MEYER	MALE	85	WHITE	
MICAH	MALE	640	BLACK/WHITE	
MICHAEL	MALE	7083	ASIAN/BLACK/HISPANIC/WHITE	
MIGUEL	MALE	1130	HISPANIC	
MIKAEL	MALE	10	ASIAN	
MIKE	MALE	166	HISPANIC	
MILES	MALE	1158	ASIAN/BLACK/WHITE/HISPANIC	
MILO	MALE	291	WHITE	
MISAEL	MALE	30	HISPANIC	
MOHAMED	MALE	1204	ASIAN/BLACK/WHITE	
MOHAMMAD	MALE	826	ASIAN/WHITE	
MOHAMMED	MALE	875	ASIAN/BLACK/WHITE	
MOISES	MALE	209	HISPANIC	
MOISHE	MALE	272	WHITE	
MORDCHE	MALE	40	WHITE	
MORDECHAI	MALE	1102	WHITE	
MORRIS	MALE	129	WHITE	
MOSES	MALE	357	WHITE	
MOSHE	MALE	3199	WHITE	
MOTTY	MALE	11	WHITE	
MOUHAMED	MALE	80	BLACK	
MOUSSA	MALE	195	BLACK	
MUHAMMAD	MALE	1775	ASIAN/BLACK/WHITE	
MUSA	MALE	135	ASIAN/BLACK	
MUSTAFA	MALE	61	ASIAN	
MYLES	MALE	300	BLACK/WHITE/HISPANIC	
NACHMAN	MALE	104	WHITE	
NAFTALI	MALE	334	WHITE	
NAFTULI	MALE	185	WHITE	
NASIR	MALE	403	BLACK	
NATHAN	MALE	3206	ASIAN/BLACK/HISPANIC/WHITE	
NATHANAEL	MALE	50	BLACK/HISPANIC	
NATHANIEL	MALE	2473	ASIAN/BLACK/HISPANIC/WHITE	
NAZIR	MALE	30	BLACK	
NEHEMIAH	MALE	72	BLACK	
NEIL	MALE	79	ASIAN	
NELSON	MALE	296	ASIAN/HISPANIC	
NEYMAR	MALE	140	HISPANIC	
NICHOLAS	MALE	4019	ASIAN/BLACK/HISPANIC/WHITE	
NICO	MALE	175	WHITE	
NICOLAS	MALE	1222	BLACK/HISPANIC/WHITE	
NIGEL	MALE	30	BLACK	
NIKHIL	MALE	45	ASIAN	
NIKITA	MALE	66	WHITE	
NIKOLAI	MALE	11	WHITE	
NIKOLAS	MALE	70	WHITE	
NOACH	MALE	21	WHITE	
NOAH	MALE	6457	ASIAN/BLACK/HISPANIC/WHITE	
NOAM	MALE	228	WHITE	
NOEL	MALE	501	HISPANIC/BLACK	
NOLAN	MALE	429	WHITE/ASIAN/BLACK/HISPANIC	
NOSSON	MALE	112	WHITE	
OLIVER	MALE	2461	ASIAN/HISPANIC/WHITE	
OMAR	MALE	1190	BLACK/HISPANIC/WHITE/ASIAN	
OMARI	MALE	199	BLACK	
OREN	MALE	11	WHITE	
ORI	MALE	33	WHITE	
ORION	MALE	30	WHITE	
ORLANDO	MALE	30	HISPANIC	
OSCAR	MALE	1210	ASIAN/HISPANIC/WHITE	
OTIS	MALE	10	WHITE	
OTTO	MALE	73	WHITE	
OUMAR	MALE	139	BLACK	
OUSMANE	MALE	106	BLACK	
OWEN	MALE	1825	ASIAN/HISPANIC/WHITE/BLACK	
PABLO	MALE	272	HISPANIC	
PATRICK	MALE	838	ASIAN/BLACK/HISPANIC/WHITE	
PAUL	MALE	596	HISPANIC/WHITE/BLACK	
PEDRO	MALE	290	HISPANIC	
PERETZ	MALE	23	WHITE	
PETER	MALE	915	ASIAN/HISPANIC/WHITE	
PHILIP	MALE	316	WHITE	
PIERCE	MALE	28	WHITE	
PINCHAS	MALE	194	WHITE	
PINCHUS	MALE	138	WHITE	
PRESTON	MALE	523	BLACK/HISPANIC/WHITE/ASIAN	
PRINCE	MALE	762	BLACK/HISPANIC	
PRINCETON	MALE	63	BLACK	
QUINCY	MALE	85	BLACK	
RAFAEL	MALE	785	HISPANIC/WHITE	
RANDY	MALE	447	HISPANIC	
RAPHAEL	MALE	302	WHITE	
RAUL	MALE	111	HISPANIC	
RAYAN	MALE	480	ASIAN/WHITE	
RAYMOND	MALE	830	ASIAN/HISPANIC/WHITE	
RAYYAN	MALE	143	ASIAN	
REED	MALE	96	WHITE	
REHAN	MALE	118	ASIAN	
REID	MALE	191	WHITE	
REUBEN	MALE	33	WHITE	
REUVEN	MALE	67	WHITE	
RHYS	MALE	64	WHITE	
RICARDO	MALE	331	BLACK/HISPANIC	
RICHARD	MALE	1312	ASIAN/BLACK/HISPANIC/WHITE	
RICKY	MALE	164	ASIAN	
RIVER	MALE	13	WHITE	
ROBERT	MALE	1782	BLACK/HISPANIC/WHITE/ASIAN	
ROBERTO	MALE	227	HISPANIC	
ROCCO	MALE	238	WHITE	
RODNEY	MALE	30	BLACK	
RODRIGO	MALE	161	HISPANIC	
ROGER	MALE	33	HISPANIC	
ROHAN	MALE	228	ASIAN	
ROMAN	MALE	459	WHITE/HISPANIC/BLACK/ASIAN	
ROMEO	MALE	162	HISPANIC	
RONALD	MALE	53	HISPANIC	
RONALDO	MALE	10	HISPANIC	
RONAN	MALE	161	WHITE	
RORY	MALE	119	WHITE	
ROY	MALE	186	ASIAN	
ROYCE	MALE	33	HISPANIC	
RUBEN	MALE	126	HISPANIC	
RUSSELL	MALE	11	WHITE	
RYDER	MALE	233	WHITE/ASIAN	
SAIFAN	MALE	12	ASIAN	
SALVATORE	MALE	368	WHITE	
SAM	MALE	466	WHITE	
SAMI	MALE	42	WHITE	
SAMIR	MALE	224	WHITE/BLACK	
SAMUEL	MALE	4322	ASIAN/BLACK/HISPANIC/WHITE	
SANTIAGO	MALE	671	HISPANIC	
SANTINO	MALE	114	WHITE	
SAUL	MALE	109	HISPANIC/WHITE	
SAVION	MALE	30	BLACK	
SAWYER	MALE	144	WHITE	
SEAN	MALE	1261	ASIAN/BLACK/HISPANIC/WHITE	
SEBASTIAN	MALE	4579	ASIAN/BLACK/HISPANIC/WHITE	
SEKOU	MALE	45	BLACK	
SELIM	MALE	25	WHITE	
SERGIO	MALE	200	HISPANIC	
SETH	MALE	92	BLACK/HISPANIC/WHITE	
SHALOM	MALE	173	WHITE	
SHANE	MALE	401	HISPANIC/WHITE/BLACK	
SHAUL	MALE	30	WHITE	
SHAWN	MALE	317	ASIAN/HISPANIC/BLACK	
SHAYA	MALE	368	WHITE	
SHAYAAN	MALE	39	ASIAN	
SHAYAN	MALE	60	ASIAN	
SHIA	MALE	426	WHITE	
SHIMON	MALE	1261	WHITE	
SHLOIME	MALE	181	WHITE	
SHLOIMY	MALE	198	WHITE	
SHLOMA	MALE	52	WHITE	
SHLOME	MALE	268	WHITE	
SHLOMO	MALE	841	WHITE	
SHMIEL	MALE	300	WHITE	
SHMUEL	MALE	681	WHITE	
SHNEUR	MALE	96	WHITE	
SHOLOM	MALE	237	WHITE	
SHRAGA	MALE	71	WHITE	
SHULEM	MALE	493	WHITE	
SIDNEY	MALE	30	WHITE	
SILAS	MALE	159	WHITE	
SIMCHA	MALE	417	WHITE	
SIMON	MALE	741	ASIAN/WHITE	
SINCERE	MALE	242	BLACK	
SOLOMON	MALE	607	WHITE	
SPENCER	MALE	274	WHITE	
STANLEY	MALE	266	ASIAN/WHITE	
STEPHEN	MALE	311	BLACK/HISPANIC/WHITE	
STEVE	MALE	105	HISPANIC	
STEVEN	MALE	1983	ASIAN/BLACK/HISPANIC/WHITE	
SUBHAN	MALE	30	ASIAN	
SULAIMAN	MALE	10	ASIAN	
SYED	MALE	328	ASIAN	
TERRELL	MALE	60	BLACK	
TERRENCE	MALE	75	BLACK/ASIAN	
TERRY	MALE	43	ASIAN	
THEO	MALE	166	WHITE	
THEODORE	MALE	1478	WHITE/ASIAN/HISPANIC	
THIAGO	MALE	328	HISPANIC	
THOMAS	MALE	2257	ASIAN/HISPANIC/WHITE/BLACK	
TIMOTHY	MALE	819	ASIAN/BLACK/HISPANIC/WHITE	
TIMUR	MALE	26	WHITE	
TOMAS	MALE	104	HISPANIC/WHITE	
TONY	MALE	136	ASIAN	
TRAVIS	MALE	216	ASIAN/BLACK/HISPANIC	
TRISTAN	MALE	1627	BLACK/HISPANIC/WHITE/ASIAN	
TROY	MALE	78	BLACK	
TYLER	MALE	2962	ASIAN/BLACK/HISPANIC/WHITE	
TZVI	MALE	594	WHITE	
UMAR	MALE	10	WHITE	
URIEL	MALE	208	HISPANIC	
USHER	MALE	348	WHITE	
VALENTINO	MALE	60	HISPANIC	
VICTOR	MALE	1269	ASIAN/BLACK/HISPANIC/WHITE	
VIHAAN	MALE	81	ASIAN	
VINCENT	MALE	1750	ASIAN/HISPANIC/WHITE	
VINCENZO	MALE	99	WHITE	
WALKER	MALE	10	WHITE	
WALTER	MALE	91	HISPANIC/WHITE	
WESLEY	MALE	460	WHITE/ASIAN/HISPANIC	
WESTON	MALE	33	WHITE	
WILLIAM	MALE	4332	ASIAN/BLACK/HISPANIC/WHITE	
WILSON	MALE	323	ASIAN/HISPANIC	
WINSTON	MALE	189	ASIAN/WHITE	
WOLF	MALE	98	WHITE	
WYATT	MALE	434	WHITE/BLACK	
XANDER	MALE	49	HISPANIC	
XAVIER	MALE	2193	ASIAN/BLACK/HISPANIC/WHITE	
YAAKOV	MALE	713	WHITE	
YADIEL	MALE	294	HISPANIC	
YAHIR	MALE	224	HISPANIC	
YAHYA	MALE	43	WHITE	
YAIR	MALE	30	HISPANIC	
YAKOV	MALE	801	WHITE	
YANDEL	MALE	117	HISPANIC	
YANIEL	MALE	30	HISPANIC	
YANKY	MALE	36	WHITE	
YARIEL	MALE	146	HISPANIC	
YASEEN	MALE	91	WHITE	
YASSIN	MALE	53	WHITE	
YECHEZKEL	MALE	72	WHITE	
YECHIEL	MALE	426	WHITE	
YEHOSHUA	MALE	319	WHITE	
YEHUDA	MALE	1122	WHITE	
YEHUDAH	MALE	30	WHITE	
YERIK	MALE	39	HISPANIC	
YESHAYA	MALE	33	WHITE	
YIDA	MALE	39	WHITE	
YIDEL	MALE	63	WHITE	
YISRAEL	MALE	132	WHITE	
YISROEL	MALE	1107	WHITE	
YITZCHAK	MALE	167	WHITE	
YITZCHOK	MALE	866	WHITE	
YOEL	MALE	242	WHITE	
YONA	MALE	30	WHITE	
YONAH	MALE	30	WHITE	
YONATAN	MALE	12	WHITE	
YOSEF	MALE	1435	WHITE	
YOSSI	MALE	161	WHITE	
YOUSEF	MALE	210	WHITE	
YOUSSEF	MALE	247	WHITE	
YUSUF	MALE	287	ASIAN/WHITE	
ZABDIEL	MALE	11	HISPANIC	
ZACHARIAH	MALE	30	BLACK	
ZACHARY	MALE	2202	ASIAN/BLACK/HISPANIC/WHITE	
ZAHIR	MALE	42	BLACK	
ZAIDEN	MALE	42	BLACK	
ZAIN	MALE	187	ASIAN/WHITE	
ZAIRE	MALE	303	BLACK	
ZALMEN	MALE	144	WHITE	
ZAMIR	MALE	30	BLACK	
ZANE	MALE	30	BLACK	
ZAYAN	MALE	161	ASIAN	
ZAYDEN	MALE	214	HISPANIC/BLACK	
ZAYN	MALE	33	ASIAN/WHITE	
ZEV	MALE	668	WHITE	
ZION	MALE	761	BLACK/HISPANIC	
ZYAIRE	MALE	42	BLACK	
ANGEL	MALE/FEMALE	3288	BLACK/HISPANIC/ASIAN	
JIA	MALE/FEMALE	81	ASIAN	
JORDAN	MALE/FEMALE	2176	ASIAN/BLACK/WHITE/HISPANIC	
KAI	MALE/FEMALE	888	ASIAN/BLACK/WHITE/HISPANIC	
LOGAN	MALE/FEMALE	3019	ASIAN/BLACK/HISPANIC/WHITE	
NANA	MALE/FEMALE	60	BLACK	
ROWAN	MALE/FEMALE	228	WHITE	
ROYAL	MALE/FEMALE	41	BLACK	
SHEA	MALE/FEMALE	184	WHITE	
SKYLER	MALE/FEMALE	186	HISPANIC/BLACK	
TENZIN	MALE/FEMALE	807	ASIAN	
